run_name,variant,recipe,class_name,precision,recall,f1-score,support
l_mid32_baseline,Mid32,baseline,bird,0.9230769230769232,0.96,0.9411764705882352,50
l_mid32_baseline,Mid32,baseline,cat,0.8235294117647058,0.84,0.8316831683168316,50
l_mid32_baseline,Mid32,baseline,dog,0.8333333333333334,0.8,0.8163265306122449,50
l_mid32_baseline,Mid32,baseline,frog,0.94,0.94,0.94,50
l_mid32_baseline,Mid32,baseline,horse,1.0,0.98,0.98989898989899,50
l_mid32_baseline,Mid32,baseline,accuracy,nan,nan,0.904,250
l_mid32_baseline,Mid32,baseline,macro avg,0.9039879336349924,0.904,0.9038170318832603,250
l_mid32_baseline,Mid32,baseline,weighted avg,0.9039879336349924,0.904,0.9038170318832603,250
l_mid32_smoothing005,Mid32,smoothing005,bird,0.88,0.88,0.88,50
l_mid32_smoothing005,Mid32,smoothing005,cat,0.8363636363636363,0.92,0.8761904761904762,50
l_mid32_smoothing005,Mid32,smoothing005,dog,0.9090909090909092,0.8,0.851063829787234,50
l_mid32_smoothing005,Mid32,smoothing005,frog,0.9,0.9,0.9,50
l_mid32_smoothing005,Mid32,smoothing005,horse,0.9607843137254902,0.98,0.9702970297029704,50
l_mid32_smoothing005,Mid32,smoothing005,accuracy,nan,nan,0.896,250
l_mid32_smoothing005,Mid32,smoothing005,macro avg,0.8972477718360071,0.8960000000000001,0.8955102671361359,250
l_mid32_smoothing005,Mid32,smoothing005,weighted avg,0.897247771836007,0.896,0.8955102671361361,250
l_mid32_smoothing010,Mid32,smoothing010,bird,0.92,0.92,0.92,50
l_mid32_smoothing010,Mid32,smoothing010,cat,0.8363636363636363,0.92,0.8761904761904762,50
l_mid32_smoothing010,Mid32,smoothing010,dog,0.9090909090909092,0.8,0.851063829787234,50
l_mid32_smoothing010,Mid32,smoothing010,frog,0.9230769230769232,0.96,0.9411764705882352,50
l_mid32_smoothing010,Mid32,smoothing010,horse,0.979591836734694,0.96,0.9696969696969696,50
l_mid32_smoothing010,Mid32,smoothing010,accuracy,nan,nan,0.912,250
l_mid32_smoothing010,Mid32,smoothing010,macro avg,0.9136246610532324,0.912,0.9116255492525832,250
l_mid32_smoothing010,Mid32,smoothing010,weighted avg,0.9136246610532324,0.912,0.9116255492525832,250
l_mid32_lr005,Mid32,lr005,bird,0.9423076923076924,0.98,0.9607843137254902,50
l_mid32_lr005,Mid32,lr005,cat,0.8363636363636363,0.92,0.8761904761904762,50
l_mid32_lr005,Mid32,lr005,dog,0.9090909090909092,0.8,0.851063829787234,50
l_mid32_lr005,Mid32,lr005,frog,0.9387755102040816,0.92,0.9292929292929292,50
l_mid32_lr005,Mid32,lr005,horse,0.98,0.98,0.98,50
l_mid32_lr005,Mid32,lr005,accuracy,nan,nan,0.92,250
l_mid32_lr005,Mid32,lr005,macro avg,0.921307549593264,0.92,0.9194663097992258,250
l_mid32_lr005,Mid32,lr005,weighted avg,0.921307549593264,0.92,0.9194663097992258,250
l_mid32_lr015,Mid32,lr015,bird,0.9230769230769232,0.96,0.9411764705882352,50
l_mid32_lr015,Mid32,lr015,cat,0.8679245283018868,0.92,0.8932038834951457,50
l_mid32_lr015,Mid32,lr015,dog,0.9130434782608696,0.84,0.875,50
l_mid32_lr015,Mid32,lr015,frog,0.9215686274509804,0.94,0.9306930693069309,50
l_mid32_lr015,Mid32,lr015,horse,1.0,0.96,0.979591836734694,50
l_mid32_lr015,Mid32,lr015,accuracy,nan,nan,0.924,250
l_mid32_lr015,Mid32,lr015,macro avg,0.9251227114181318,0.9239999999999998,0.9239330520250012,250
l_mid32_lr015,Mid32,lr015,weighted avg,0.925122711418132,0.924,0.9239330520250012,250
l_mid224_baseline,Mid224,baseline,bird,0.9591836734693876,0.94,0.9494949494949496,50
l_mid224_baseline,Mid224,baseline,cat,0.9215686274509804,0.94,0.9306930693069309,50
l_mid224_baseline,Mid224,baseline,dog,0.9387755102040816,0.92,0.9292929292929292,50
l_mid224_baseline,Mid224,baseline,frog,0.9607843137254902,0.98,0.9702970297029704,50
l_mid224_baseline,Mid224,baseline,horse,0.98,0.98,0.98,50
l_mid224_baseline,Mid224,baseline,accuracy,nan,nan,0.952,250
l_mid224_baseline,Mid224,baseline,macro avg,0.952062424969988,0.952,0.951955595559556,250
l_mid224_baseline,Mid224,baseline,weighted avg,0.952062424969988,0.952,0.951955595559556,250
l_mid224_smoothing005,Mid224,smoothing005,bird,0.9074074074074074,0.98,0.9423076923076924,50
l_mid224_smoothing005,Mid224,smoothing005,cat,0.96,0.96,0.96,50
l_mid224_smoothing005,Mid224,smoothing005,dog,0.96,0.96,0.96,50
l_mid224_smoothing005,Mid224,smoothing005,frog,0.9787234042553192,0.92,0.9484536082474226,50
l_mid224_smoothing005,Mid224,smoothing005,horse,1.0,0.98,0.98989898989899,50
l_mid224_smoothing005,Mid224,smoothing005,accuracy,nan,nan,0.96,250
l_mid224_smoothing005,Mid224,smoothing005,macro avg,0.9612261623325452,0.96,0.960132058090821,250
l_mid224_smoothing005,Mid224,smoothing005,weighted avg,0.9612261623325452,0.96,0.9601320580908208,250
l_mid224_smoothing010,Mid224,smoothing010,bird,0.979591836734694,0.96,0.9696969696969696,50
l_mid224_smoothing010,Mid224,smoothing010,cat,0.96,0.96,0.96,50
l_mid224_smoothing010,Mid224,smoothing010,dog,0.96,0.96,0.96,50
l_mid224_smoothing010,Mid224,smoothing010,frog,0.9607843137254902,0.98,0.9702970297029704,50
l_mid224_smoothing010,Mid224,smoothing010,horse,1.0,1.0,1.0,50
l_mid224_smoothing010,Mid224,smoothing010,accuracy,nan,nan,0.972,250
l_mid224_smoothing010,Mid224,smoothing010,macro avg,0.9720752300920368,0.972,0.971998799879988,250
l_mid224_smoothing010,Mid224,smoothing010,weighted avg,0.9720752300920368,0.972,0.971998799879988,250
l_mid224_lr005,Mid224,lr005,bird,0.9607843137254902,0.98,0.9702970297029704,50
l_mid224_lr005,Mid224,lr005,cat,0.9148936170212766,0.86,0.8865979381443299,50
l_mid224_lr005,Mid224,lr005,dog,0.8518518518518519,0.92,0.8846153846153846,50
l_mid224_lr005,Mid224,lr005,frog,0.979591836734694,0.96,0.9696969696969696,50
l_mid224_lr005,Mid224,lr005,horse,1.0,0.98,0.98989898989899,50
l_mid224_lr005,Mid224,lr005,accuracy,nan,nan,0.94,250
l_mid224_lr005,Mid224,lr005,macro avg,0.9414243238666624,0.9399999999999998,0.9402212624117288,250
l_mid224_lr005,Mid224,lr005,weighted avg,0.9414243238666624,0.94,0.9402212624117288,250
l_mid224_lr015,Mid224,lr015,bird,0.9591836734693876,0.94,0.9494949494949496,50
l_mid224_lr015,Mid224,lr015,cat,0.9375,0.9,0.9183673469387756,50
l_mid224_lr015,Mid224,lr015,dog,0.903846153846154,0.94,0.9215686274509804,50
l_mid224_lr015,Mid224,lr015,frog,0.96,0.96,0.96,50
l_mid224_lr015,Mid224,lr015,horse,0.9803921568627452,1.0,0.99009900990099,50
l_mid224_lr015,Mid224,lr015,accuracy,nan,nan,0.948,250
l_mid224_lr015,Mid224,lr015,macro avg,0.9481843968356574,0.948,0.947905986757139,250
l_mid224_lr015,Mid224,lr015,weighted avg,0.9481843968356573,0.948,0.9479059867571392,250
