relative_path,size_bytes,sha256
checkpoints/checkpoint_manifest.csv,13232,f5e963a81a2f90ca57e3c4f8f2a2a1e13a6eab1f4efe6c09e4197e64897cabae
checkpoints/l_mid224_baseline/best_val.pt,4477425,3e265df13d32d2f610920ce3088b91703d4f88a95232a9ab1786a8bcaa21920b
checkpoints/l_mid224_baseline/config.json,3492,352ac6d6567e141c2b6accff85ee8fea32e374884274a4f181d9cb94ede19545
checkpoints/l_mid224_baseline/epochs.csv,19721,3a70e1664df98b4029e947f5a9f35f71c2d403d6af7cedf335a43a0257493598
checkpoints/l_mid224_baseline/last.pt,13427115,b38aebae2c0db8e37554c51216035da14233b82ac2009a709a6aa99f13e4a4db
checkpoints/l_mid224_baseline/validation_split.json,1050130,ad4c7bb304c4377d4d8a19bfb05031373c873eb26c34c1b4eff571f092c590c9
checkpoints/l_mid224_lr005/best_val.pt,4477425,27ed858125e29687a9f57722f3d6f5b9a1b8ac4a73f2a05551b614909a1e1a01
checkpoints/l_mid224_lr005/config.json,3487,cf83723d95c0786e9604288c80c5825ae6408be586d2463f8320f500ec5795f8
checkpoints/l_mid224_lr005/epochs.csv,19740,7a867ac7dbb822c1899a8f06ba4f1ff084d6c3e8eeb6f5309a546b0597924f98
checkpoints/l_mid224_lr005/last.pt,13425771,10d05e70bb37d9b1dc0f02dec0a73ba7bef4d0ab9bda191b84c8fbe367a94cbc
checkpoints/l_mid224_lr005/validation_split.json,1050130,ad4c7bb304c4377d4d8a19bfb05031373c873eb26c34c1b4eff571f092c590c9
checkpoints/l_mid224_lr015/best_val.pt,4477425,efaec5e93b1fc49e79b16eb7e439bc6cc543106b98e92f7dc217c9809cbe4cc0
checkpoints/l_mid224_lr015/config.json,3487,237b8c3745bedb680604981bf4e67e3f2c29ca44c3cbe0908002ae4c18c036ee
checkpoints/l_mid224_lr015/epochs.csv,19737,d57bbb76691ec60e200604235cc17a62aa06cfad9d37f62fc7b1771e290b7157
checkpoints/l_mid224_lr015/last.pt,13425771,a3a202658cc52a50409ff39dda3d70faf825a58f1d34879822cdefc6bc288200
checkpoints/l_mid224_lr015/validation_split.json,1050130,ad4c7bb304c4377d4d8a19bfb05031373c873eb26c34c1b4eff571f092c590c9
checkpoints/l_mid224_smoothing005/best_val.pt,4477489,8be7400d25a1db5b171ca7b274501b705008c3dd2f9cf71a295efa6fa8685134
checkpoints/l_mid224_smoothing005/config.json,3501,c2ef0d28048c74b5739cc86f2b001c0534fc4e25832b7faff6d94a47dd43685c
checkpoints/l_mid224_smoothing005/epochs.csv,19411,682e540e329966ed163a64a360f418be1efb01b2b4cea0d1b210e9512c53f807
checkpoints/l_mid224_smoothing005/last.pt,13425771,0499333e9b86834a089e00fedacbc769d820fb9ba360c3297aa62717aae33d36
checkpoints/l_mid224_smoothing005/validation_split.json,1050130,ad4c7bb304c4377d4d8a19bfb05031373c873eb26c34c1b4eff571f092c590c9
checkpoints/l_mid224_smoothing010/best_val.pt,4477489,b04a8ce0aecafc6626d54dbe132baddd7b2c2c193bfe6fd25710435d72cda5d2
checkpoints/l_mid224_smoothing010/config.json,3500,1ad1f70c5b6efed141341dfc6f40dd88f14ff750892ec4bf81192d7ab157a1e0
checkpoints/l_mid224_smoothing010/epochs.csv,19483,d65f9feb39710380bdcc86d133709f194d8e243a048c1f8edd18c96e5b3f63b3
checkpoints/l_mid224_smoothing010/last.pt,13425771,7adda8df75f8bcaa92a41f47a0f7a612331cce801dc0888cc12b283df2558864
checkpoints/l_mid224_smoothing010/validation_split.json,1050130,ad4c7bb304c4377d4d8a19bfb05031373c873eb26c34c1b4eff571f092c590c9
checkpoints/l_mid32_baseline/best_val.pt,4477425,61b4fb3d4edced38a27ba76e03c0bb7c68ad03f8ecd32dbe837b60d4fb9cf5cd
checkpoints/l_mid32_baseline/config.json,3483,3b649ab63ca98d978eb3b3ca00f167dff2857b7b1f482fa816106e324ec98778
checkpoints/l_mid32_baseline/epochs.csv,19581,5c5fdb2fa0ba1bcb54f7461940c1e942d0c4305c23b9772d90e94f434f2b4c44
checkpoints/l_mid32_baseline/last.pt,13425771,439c4d21ae966bfa5a7f3f04456324a8b4aa2e79800a771117caa39c4f7a30e4
checkpoints/l_mid32_baseline/validation_split.json,1050128,c45bb214c4d9cc0ace675b00647f17a82f6f62326263f7b1d05dc462d01cfa71
checkpoints/l_mid32_lr005/best_val.pt,4477425,7132ef52f76719bca8fac30530afe5887bf61b7d1b867699412ad997644ea797
checkpoints/l_mid32_lr005/config.json,3474,99bcda38c0b55d31f3b68bb331d426b1388708787bab93f5b9f7c00bd73c78b6
checkpoints/l_mid32_lr005/epochs.csv,19775,93388a1697c74b33da05c211ee55c35923495cddd11c72be80651dac1e28a4a8
checkpoints/l_mid32_lr005/last.pt,13425771,25e0aa0e578805c4728c1e0510cc7949be6d75dc54ce37ec979c3ba89d65b5a0
checkpoints/l_mid32_lr005/validation_split.json,1050128,c45bb214c4d9cc0ace675b00647f17a82f6f62326263f7b1d05dc462d01cfa71
checkpoints/l_mid32_lr015/best_val.pt,4477425,90b7a870ac7a6b709e23fb6cbd88614d69955e6027f81e21e853ebcd803ec33c
checkpoints/l_mid32_lr015/config.json,3474,67a7c56dc8053182179fe420d7800f971e7d3b14d7623b3b39824294279d1836
checkpoints/l_mid32_lr015/epochs.csv,19590,0f1f1dfbe897c4c7783b2bc98e8ee363ca2712759eee6d1cc098b25d24e22646
checkpoints/l_mid32_lr015/last.pt,13425771,e6185294e09949853b6b79fe430ae8e550ce83195bdc537a28a66de93527747b
checkpoints/l_mid32_lr015/validation_split.json,1050128,c45bb214c4d9cc0ace675b00647f17a82f6f62326263f7b1d05dc462d01cfa71
checkpoints/l_mid32_smoothing005/best_val.pt,4477425,02872a71a4f1ab3955263420277cfb730d7a6414e26ca189c9c7db3ad4cbfe70
checkpoints/l_mid32_smoothing005/config.json,3488,cc6c5687772e1a1f0a49469092e8b0610647c3f1f42645cb16a8a3db0928d962
checkpoints/l_mid32_smoothing005/epochs.csv,19519,6f8cee683f78ef435673fd1d59a7ce75ef96ac9c6378aa506bb600d391a19b2f
checkpoints/l_mid32_smoothing005/last.pt,13425771,2ce3327e0ce737cd4d2a800dd900ed2ae2d10583ee3474f2921b329ab70a5d62
checkpoints/l_mid32_smoothing005/validation_split.json,1050128,c45bb214c4d9cc0ace675b00647f17a82f6f62326263f7b1d05dc462d01cfa71
checkpoints/l_mid32_smoothing010/best_val.pt,4477425,0d09669f7977ed7eeb0b3c6bf39cfe484ce341d2836bf9bfef1bcb67ffdfdc6d
checkpoints/l_mid32_smoothing010/config.json,3487,b00cf800a9b2d6139017ed11b007cb94f71167b6182b1ada2cf4881b746d96be
checkpoints/l_mid32_smoothing010/epochs.csv,19295,db54ef91f499749cee84fbd6c8a56a16dbcf5e746462dfc78fe8f44327b6c421
checkpoints/l_mid32_smoothing010/last.pt,13425771,203f145e70d4cb5b02a22e9a09b7e99292c6176f43554f942d0f44800a335dc9
checkpoints/l_mid32_smoothing010/validation_split.json,1050128,c45bb214c4d9cc0ace675b00647f17a82f6f62326263f7b1d05dc462d01cfa71
comparisons/class_metrics.csv,6343,7b0da440d4b1b8937699cd3b943b560d1284af2940339aae99559fe206d138b4
comparisons/confusion_matrices_mid224.png,139998,eaff1b093e7190bdb9cc786e5919d4268604052791366b69a6462fe0af46eaf3
comparisons/confusion_matrices_mid32.png,139831,b31cea6dee595f462dd36dcbe10d8d9df3ad5c063a2b22644b7d77dad4b82333
comparisons/learning_curves_mid224.png,177900,d804982ca6e92d52b9d776e693c14f74d9b9d5dff6461fbc19c9280046d5a20d
comparisons/learning_curves_mid32.png,190059,9ce3f65b0813d2ecbab8bb5985b810ff941cef68e923f86d7984d59032ab2357
comparisons/macro_f1_by_recipe.png,61712,0cc1049493f43e9cf42499f8afe76ddf31ad0f47b0807bd0dc4013b76c4681ab
comparisons/test_metrics.csv,1140,8441b8171867816971d4808958858855fde736cdfb10a9fe16b5dd78727736e7
comparisons/test_top1_by_recipe.png,63104,7efa447de4cae488960162ad70cc2e8ccc41ebfc401060d0c87a62f6b2115c2a
comparisons/validation_metrics.csv,774,c35d42eade09a0e9647080fbff17ab0fa8d2de6143b3d2af3c4aff5d592e8938
models/l_mid224_baseline/classification_report.csv,407,957898d951a7afba193822d772d4f5e61c00769e405234cc39516582f9f3b757
models/l_mid224_baseline/confusion_matrix.csv,166,4b13534ed7762aa1ee4914745602ee1176066988fc6a6b5d3e89ae6e027e804b
models/l_mid224_baseline/confusion_matrix.png,47744,13b67b08616f871ac07ad6cfe04ac69532e14f9537901f27a5710c6226624090
models/l_mid224_baseline/learning_curves.png,140771,c708b2df94e296266eea4bd9f89dc374e1668d175aad5181d84b43c8ed4c7f69
models/l_mid224_baseline/predictions.csv,44724,bcfe3247efa8dc31758a69cb4966b40b8cea0be0bd42d78a69208c67f7fe102b
models/l_mid224_baseline/README.md,1433,45d3d9d6bf97ff20fc8e1d1792b33929c86ab9deb018762a6dd4c1078075cddb
models/l_mid224_baseline/test_metrics.json,100,a5cd1bd60efb0bd5bf91a465d2b902d406d0a1b9b212bb8d5ee9fcce730d8879
models/l_mid224_lr005/classification_report.csv,433,0d697d2f11e7ede11c8f4425eccae7c738845253f315300474261ee778808e37
models/l_mid224_lr005/confusion_matrix.csv,166,f390de6474c125a945c8d459b2e3ed0955559eb459b2612c340def2f4a3c33dd
models/l_mid224_lr005/confusion_matrix.png,48844,df431920f8f2ff6b28718fcf436eb65ad41c991525372847e51192ea7a2a0c46
models/l_mid224_lr005/learning_curves.png,137488,bb61992a9b67e02095bab871a38cf03a438b50d5924e4b634a994cc9301fdfeb
models/l_mid224_lr005/predictions.csv,44725,e09c3577318a7467e7d5db8b93e2854715183b5553f665feff6f69bdd5cf32ad
models/l_mid224_lr005/README.md,1459,76f4fc2229d2d5769c56aaba444dcb52a2c805bd1c77352bd3e993769bbffaac
models/l_mid224_lr005/test_metrics.json,99,3b4b4bbe258f59f3e4ad54cddf4e28b108650849eada71fac47376b892f38bbd
models/l_mid224_lr015/classification_report.csv,409,105920d9ddac06def2d449aa24b27d05d8fbfc527ff361565a585dff2d6f73cd
models/l_mid224_lr015/confusion_matrix.csv,166,14a3a8563a45d3596ba43e26ec8357314aeff0144149a5bf5a3508a1b50d7c22
models/l_mid224_lr015/confusion_matrix.png,48580,c62fc977676a3c1ed51d20c901c48c3d240bf38ea76c04aed3403a45a00f653a
models/l_mid224_lr015/learning_curves.png,146017,0c986a26294dd9f2d2f8998f27690c66182c6ac3e7bcb4a6586a200cd688fdeb
models/l_mid224_lr015/predictions.csv,44726,e16cbb148bd041488dd47273d20fc39785682715f1980abd1a0b0f5d8461e81d
models/l_mid224_lr015/README.md,1459,3801007561df804e35b0323da0b6ac0251e926358afe5f382efb87f01f6397c2
models/l_mid224_lr015/test_metrics.json,100,780bb2128d5644dd6403c95fc85f733bc40c60dfc0b3b5412a142572ad698d01
models/l_mid224_smoothing005/classification_report.csv,362,f67cca587c879cd91d9bbb616d064d19c939b6398e004651153e6ae809c50bfb
models/l_mid224_smoothing005/confusion_matrix.csv,166,415ebf95a93088b1812c0c8e109f18a0564389e4051b28ab74e1f9ade92c259a
models/l_mid224_smoothing005/confusion_matrix.png,49778,a1c9fed970b28f9ea21359406799654b311b95fc02f6f9de1e8ece3d44d765fd
models/l_mid224_smoothing005/learning_curves.png,140091,09dee3a2f503827eb42b9084e03378016baff904a8e261694592992bd3559f32
models/l_mid224_smoothing005/predictions.csv,44721,f9c0baaa07a740cdba7d74f86269fd4ace4661775bfc19ca7f76bdec1b12e0ad
models/l_mid224_smoothing005/README.md,1490,59e63abed88f28284c5d0c60ceeb181b0d218ab93937b2658e1a03b0033d7076
models/l_mid224_smoothing005/test_metrics.json,101,37ccbfcea0d13bb245866b56d65e994e6c48158b290bb126d052fc7056058bae
models/l_mid224_smoothing010/classification_report.csv,364,3782026d221df463fedcef18012b091a6bf00aca644cefd9d2f22f9b429bbc2a
models/l_mid224_smoothing010/confusion_matrix.csv,166,06dfa429dddaded10a868dcaf0789349be7dd25a3600d908d46d4da8820ec865
models/l_mid224_smoothing010/confusion_matrix.png,50033,8a08e3ac9b018b9a276cae1ba31b5fd7e54d9ca8d702b357ebb2f4671a439040
models/l_mid224_smoothing010/learning_curves.png,137913,19b32d591e36789ab79f9a89f1c4fef539008ca34d6db9abd4da5594228aa3ca
models/l_mid224_smoothing010/predictions.csv,44719,b61b3c084904a79ed533026cb05c36084af0a55f2eb866db2226292bfbb5e8d1
models/l_mid224_smoothing010/README.md,1489,3737112fbc2d890925fcfbe9e2b75568c4de55a5ceea87d83d8a51b23fb005a1
models/l_mid224_smoothing010/test_metrics.json,102,9d71e5cc2a7c5d4e1a8e8d4276614a0e5151bf4d695e90bdc1fdd44bd15ba563
models/l_mid32_baseline/classification_report.csv,406,79928f642fe00ddab62b0a00b9980fb5676060eb20440b8962e28923d6625912
models/l_mid32_baseline/confusion_matrix.csv,166,217d26de3b894415e0ea057dfda3821cb8ce4836e11bc7104f88343267170161
models/l_mid32_baseline/confusion_matrix.png,48832,cfb14f79acb33c317272c1ecc160e183c4ce19b35849beb1570e58af7f154e7d
models/l_mid32_baseline/learning_curves.png,148055,092e3cabae2c7cf79fdb4f7c54631043173be83b6d8905008092b99c988d956d
models/l_mid32_baseline/predictions.csv,44236,a2503504e88ba053b56dd2f4cbb7a9fb7da57f5c2c2eb0fef84fe933889c1bb8
models/l_mid32_baseline/README.md,1467,9de24a1ba63ac8c6643bb6b31b113b1f5e0b830fc33fa7c433f939d717ef39ab
models/l_mid32_baseline/test_metrics.json,102,ae2b35d42555c36a1a046a622fb1bac9dee2fd5ab350281751a0ed5f4cb70158
models/l_mid32_lr005/classification_report.csv,419,e9def8d2b6c0847656e91c970fa0ea28c0b5374b712fbd804977af5c56bf3976
models/l_mid32_lr005/confusion_matrix.csv,166,055f7eff93ff2ead039edce0d1ade73939fd2279490a9555bc3ddabd41a1f3b6
models/l_mid32_lr005/confusion_matrix.png,48699,e8cb1199b982dd8281cefcc96bb85653fe1d473781714fc4be6798530be0f364
models/l_mid32_lr005/learning_curves.png,142110,4da7782d8ce1a3ba273a80aa29dd811fd726dd2ce4931189b65467beb310ce06
models/l_mid32_lr005/predictions.csv,44233,62dacbea1626fa8eec5e17c3f93ee9067d5ce3936dbb3b6d86689e22e528c5ea
models/l_mid32_lr005/README.md,1455,91becb4a2d09822f25c727b2bd045e9a864ed3a0ca60b497b00d824463faaedc
models/l_mid32_lr005/test_metrics.json,101,bfb7576f31acdaca094b22c1edd8c23b647babb92ab4a2a9771bcf2ada9a085b
models/l_mid32_lr015/classification_report.csv,423,39c9f4d018462b26878608fd65f81e0fe5023c27adf9bd3a68e16feb018a6120
models/l_mid32_lr015/confusion_matrix.csv,166,c4ea86ecc9ff7eab9c8589fda13aafeda57a8b9d33925712bd3fac1f8fc26910
models/l_mid32_lr015/confusion_matrix.png,48519,c63a9c92fc999aa2689e1fd17c61e77045583eb813c9423a346374ad789d8a02
models/l_mid32_lr015/learning_curves.png,147795,534bdc0f4978fdaff8386a9af0753738cb0527bef264d1e2437c0735ef2feb31
models/l_mid32_lr015/predictions.csv,44230,f5455ff4505d8f89abbebfd9ff4772611db07a80a5060f22789745644e8b66f4
models/l_mid32_lr015/README.md,1417,ea2b06e14818ce3d43505933fe45749bc179fd2ca859706f3ec6e1965e57d8f7
models/l_mid32_lr015/test_metrics.json,102,1545456cb4ec0937326f84d65fd0b519fc1eca85ac125dbf42be9d66c955e9ae
models/l_mid32_smoothing005/classification_report.csv,390,8fd0118825f5684c78d442b212272f1f2d4847aa4479efa56b2d4eb9e7a3e883
models/l_mid32_smoothing005/confusion_matrix.csv,166,f4c3c3ba33fe8e64c673a3b88c070be0c970f4ee69461f37d92cfcf9323ad2dc
models/l_mid32_smoothing005/confusion_matrix.png,48795,d88c58876f003ac96069f041551317239c252b88edc5ce09286fefbab72577bb
models/l_mid32_smoothing005/learning_curves.png,144828,e2a2b17ca69735cda61b59b005c49c45354917ba8d1286e962abc783e2b2912b
models/l_mid32_smoothing005/predictions.csv,44240,166e160173a3662d55d8ebf633bee0b64fc07a0b89e3283d20d105abfc2993b4
models/l_mid32_smoothing005/README.md,1483,1dba7028dc5192d5dd26ea646072c4a2085ea04b1509a105379dd2a5466c9c34
models/l_mid32_smoothing005/test_metrics.json,101,8b61acd161b83ee74ea93685ac7730d8188aef28abd9b66ce770cd0b146239dd
models/l_mid32_smoothing010/classification_report.csv,422,e97f703609ca3f23b47d6354f8737e9cea09b6b960c806769d0eddfa57ffda10
models/l_mid32_smoothing010/confusion_matrix.csv,166,f3f493ae3fb4c1444ea7831e6ee34ae2debf315a18008c3b75f25ed40ab8152b
models/l_mid32_smoothing010/confusion_matrix.png,49954,d372b6e2a4e9af2f2e326faa38a863f9a760ec28b928781c34af2daf9d97a7c4
models/l_mid32_smoothing010/learning_curves.png,142619,ee4dd498f94987dd7e5feb382ce717645b4f4a64e12f64df150cae93b0ae714d
models/l_mid32_smoothing010/predictions.csv,44234,9ad6d65b4e13df005055538b88bb402eaaf440bb0580d2c48bd712690d8c8e0a
models/l_mid32_smoothing010/README.md,1483,fa0ab5e9269f9e89fa51f504e90bcec09e3fb47805ce3416b19c0c3f28e27d9f
models/l_mid32_smoothing010/test_metrics.json,102,03539a14459027c7ad2df0a9b4cf29e3c9f103ea84e3b698c52d3d086bdf1ca9
provenance/evaluation_environment.json,555,459a5e39a4abb73c216f8371dfe1536085146d493e5649320b14872910d9f023
provenance/run_manifest.csv,6228,bdaa768f0b9d9ab4d305d308314f3463553b1e09f93fc392829f638a2c3f34d1
provenance/source_checks.json,12443,fd5a56a50040748e75084eaea3ee7a3b6e79b867973e8a523bd85e87cff6fe39
provenance/source_split_manifest_mid224.csv,2987657,028a2eda6f9c9c385875925e3cadbd83979ad3718df7652e3864a01df01a1929
provenance/source_split_manifest_mid32.csv,2943005,5e012ceef22d363877407ce7a0ecc2d8b42dcc7cb891f981124eae2523b0ad8e
README.md,6036,c9ac7062204332a913c74afdd48f6af807fa30cbd1797de1e48ab969c0e61dbe
selection/best_epoch_by_recipe.png,51263,17a4fe9161b6ddb33fc327d2424e4276fb953a2521a382f314b962d07679e1c1
selection/recipe_vs_baseline.csv,832,5e44f68eb553c39f303f53cc99e60b50b77c5c6d334160b8eeb91ac24361518b
selection/selection_lock.json,5699,0d8a5e720f511f69442dca303f9a9e9a03dd12e2995d6dc7bec287710d962704
selection/validation_loss_by_recipe.png,51411,b453407eea6c088a1bb3e75431c2ef3c52f9429f3fdda6c376b446663ad9af63
selection/validation_summary.csv,728,fa138aa4450a8105a3df42d8a3bb7277f31b0758faae0c56c3c95959438e41ae
selection/validation_top1_by_recipe.png,54798,fdf6951021b64c57ae2a3d8895b81ddfabbfac801b116cbcdc4cfdb7228fab06
tools/build_experiment_results.py,68918,372832e27ee95ced60c8e2c9c88b301891dcb91a184ffed225e67986a7884ff5
tools/verify_results.py,25078,70e5afe7c22a54e7c00b1491b670c461c15ff4b87e6329940eb85bfd512c693f
