run_name,variant,recipe,seed,split_seed,epochs,best_epoch,validation_top1,validation_loss,membership_sha256,validation_sha256,source_manifest_sha256,git_revision,git_dirty,best_val.pt_sha256,last.pt_sha256,config.json_sha256,epochs.csv_sha256,validation_split.json_sha256
l_mid32_baseline,Mid32,baseline,42,123,200,173,90.4,0.500444689655304,2dd7a3372b207ec9501d13e35edee79a6f3d2bb5f0dd10b5d3443c9326073358,55d56a207a40c4ad97e24cf2fd55f8620fe674f6727e47b63cb65c1290ddd062,5e012ceef22d363877407ce7a0ecc2d8b42dcc7cb891f981124eae2523b0ad8e,,,61b4fb3d4edced38a27ba76e03c0bb7c68ad03f8ecd32dbe837b60d4fb9cf5cd,439c4d21ae966bfa5a7f3f04456324a8b4aa2e79800a771117caa39c4f7a30e4,3b649ab63ca98d978eb3b3ca00f167dff2857b7b1f482fa816106e324ec98778,5c5fdb2fa0ba1bcb54f7461940c1e942d0c4305c23b9772d90e94f434f2b4c44,c45bb214c4d9cc0ace675b00647f17a82f6f62326263f7b1d05dc462d01cfa71
l_mid32_smoothing005,Mid32,smoothing005,42,123,200,167,90.64,0.3353641463279724,2dd7a3372b207ec9501d13e35edee79a6f3d2bb5f0dd10b5d3443c9326073358,55d56a207a40c4ad97e24cf2fd55f8620fe674f6727e47b63cb65c1290ddd062,5e012ceef22d363877407ce7a0ecc2d8b42dcc7cb891f981124eae2523b0ad8e,,,02872a71a4f1ab3955263420277cfb730d7a6414e26ca189c9c7db3ad4cbfe70,2ce3327e0ce737cd4d2a800dd900ed2ae2d10583ee3474f2921b329ab70a5d62,cc6c5687772e1a1f0a49469092e8b0610647c3f1f42645cb16a8a3db0928d962,6f8cee683f78ef435673fd1d59a7ce75ef96ac9c6378aa506bb600d391a19b2f,c45bb214c4d9cc0ace675b00647f17a82f6f62326263f7b1d05dc462d01cfa71
l_mid32_smoothing010,Mid32,smoothing010,42,123,200,191,90.72,0.35884732117652896,2dd7a3372b207ec9501d13e35edee79a6f3d2bb5f0dd10b5d3443c9326073358,55d56a207a40c4ad97e24cf2fd55f8620fe674f6727e47b63cb65c1290ddd062,5e012ceef22d363877407ce7a0ecc2d8b42dcc7cb891f981124eae2523b0ad8e,,,0d09669f7977ed7eeb0b3c6bf39cfe484ce341d2836bf9bfef1bcb67ffdfdc6d,203f145e70d4cb5b02a22e9a09b7e99292c6176f43554f942d0f44800a335dc9,b00cf800a9b2d6139017ed11b007cb94f71167b6182b1ada2cf4881b746d96be,db54ef91f499749cee84fbd6c8a56a16dbcf5e746462dfc78fe8f44327b6c421,c45bb214c4d9cc0ace675b00647f17a82f6f62326263f7b1d05dc462d01cfa71
l_mid32_lr005,Mid32,lr005,42,123,200,197,90.56,0.4916291002988815,2dd7a3372b207ec9501d13e35edee79a6f3d2bb5f0dd10b5d3443c9326073358,55d56a207a40c4ad97e24cf2fd55f8620fe674f6727e47b63cb65c1290ddd062,5e012ceef22d363877407ce7a0ecc2d8b42dcc7cb891f981124eae2523b0ad8e,,,7132ef52f76719bca8fac30530afe5887bf61b7d1b867699412ad997644ea797,25e0aa0e578805c4728c1e0510cc7949be6d75dc54ce37ec979c3ba89d65b5a0,99bcda38c0b55d31f3b68bb331d426b1388708787bab93f5b9f7c00bd73c78b6,93388a1697c74b33da05c211ee55c35923495cddd11c72be80651dac1e28a4a8,c45bb214c4d9cc0ace675b00647f17a82f6f62326263f7b1d05dc462d01cfa71
l_mid32_lr015,Mid32,lr015,42,123,200,186,91.04,0.4418038331210613,2dd7a3372b207ec9501d13e35edee79a6f3d2bb5f0dd10b5d3443c9326073358,55d56a207a40c4ad97e24cf2fd55f8620fe674f6727e47b63cb65c1290ddd062,5e012ceef22d363877407ce7a0ecc2d8b42dcc7cb891f981124eae2523b0ad8e,,,90b7a870ac7a6b709e23fb6cbd88614d69955e6027f81e21e853ebcd803ec33c,e6185294e09949853b6b79fe430ae8e550ce83195bdc537a28a66de93527747b,67a7c56dc8053182179fe420d7800f971e7d3b14d7623b3b39824294279d1836,0f1f1dfbe897c4c7783b2bc98e8ee363ca2712759eee6d1cc098b25d24e22646,c45bb214c4d9cc0ace675b00647f17a82f6f62326263f7b1d05dc462d01cfa71
l_mid224_baseline,Mid224,baseline,42,123,200,177,93.88,0.2763168884038925,2dd7a3372b207ec9501d13e35edee79a6f3d2bb5f0dd10b5d3443c9326073358,55d56a207a40c4ad97e24cf2fd55f8620fe674f6727e47b63cb65c1290ddd062,028a2eda6f9c9c385875925e3cadbd83979ad3718df7652e3864a01df01a1929,,,3e265df13d32d2f610920ce3088b91703d4f88a95232a9ab1786a8bcaa21920b,b38aebae2c0db8e37554c51216035da14233b82ac2009a709a6aa99f13e4a4db,352ac6d6567e141c2b6accff85ee8fea32e374884274a4f181d9cb94ede19545,3a70e1664df98b4029e947f5a9f35f71c2d403d6af7cedf335a43a0257493598,ad4c7bb304c4377d4d8a19bfb05031373c873eb26c34c1b4eff571f092c590c9
l_mid224_smoothing005,Mid224,smoothing005,42,123,200,160,93.44,0.2367592604637146,2dd7a3372b207ec9501d13e35edee79a6f3d2bb5f0dd10b5d3443c9326073358,55d56a207a40c4ad97e24cf2fd55f8620fe674f6727e47b63cb65c1290ddd062,028a2eda6f9c9c385875925e3cadbd83979ad3718df7652e3864a01df01a1929,,,8be7400d25a1db5b171ca7b274501b705008c3dd2f9cf71a295efa6fa8685134,0499333e9b86834a089e00fedacbc769d820fb9ba360c3297aa62717aae33d36,c2ef0d28048c74b5739cc86f2b001c0534fc4e25832b7faff6d94a47dd43685c,682e540e329966ed163a64a360f418be1efb01b2b4cea0d1b210e9512c53f807,ad4c7bb304c4377d4d8a19bfb05031373c873eb26c34c1b4eff571f092c590c9
l_mid224_smoothing010,Mid224,smoothing010,42,123,200,176,93.64,0.2633008383989334,2dd7a3372b207ec9501d13e35edee79a6f3d2bb5f0dd10b5d3443c9326073358,55d56a207a40c4ad97e24cf2fd55f8620fe674f6727e47b63cb65c1290ddd062,028a2eda6f9c9c385875925e3cadbd83979ad3718df7652e3864a01df01a1929,,,b04a8ce0aecafc6626d54dbe132baddd7b2c2c193bfe6fd25710435d72cda5d2,7adda8df75f8bcaa92a41f47a0f7a612331cce801dc0888cc12b283df2558864,1ad1f70c5b6efed141341dfc6f40dd88f14ff750892ec4bf81192d7ab157a1e0,d65f9feb39710380bdcc86d133709f194d8e243a048c1f8edd18c96e5b3f63b3,ad4c7bb304c4377d4d8a19bfb05031373c873eb26c34c1b4eff571f092c590c9
l_mid224_lr005,Mid224,lr005,42,123,200,188,93.32,0.2965208834171295,2dd7a3372b207ec9501d13e35edee79a6f3d2bb5f0dd10b5d3443c9326073358,55d56a207a40c4ad97e24cf2fd55f8620fe674f6727e47b63cb65c1290ddd062,028a2eda6f9c9c385875925e3cadbd83979ad3718df7652e3864a01df01a1929,,,27ed858125e29687a9f57722f3d6f5b9a1b8ac4a73f2a05551b614909a1e1a01,10d05e70bb37d9b1dc0f02dec0a73ba7bef4d0ab9bda191b84c8fbe367a94cbc,cf83723d95c0786e9604288c80c5825ae6408be586d2463f8320f500ec5795f8,7a867ac7dbb822c1899a8f06ba4f1ff084d6c3e8eeb6f5309a546b0597924f98,ad4c7bb304c4377d4d8a19bfb05031373c873eb26c34c1b4eff571f092c590c9
l_mid224_lr015,Mid224,lr015,42,123,200,198,93.84,0.254891860127449,2dd7a3372b207ec9501d13e35edee79a6f3d2bb5f0dd10b5d3443c9326073358,55d56a207a40c4ad97e24cf2fd55f8620fe674f6727e47b63cb65c1290ddd062,028a2eda6f9c9c385875925e3cadbd83979ad3718df7652e3864a01df01a1929,,,efaec5e93b1fc49e79b16eb7e439bc6cc543106b98e92f7dc217c9809cbe4cc0,a3a202658cc52a50409ff39dda3d70faf825a58f1d34879822cdefc6bc288200,237b8c3745bedb680604981bf4e67e3f2c29ca44c3cbe0908002ae4c18c036ee,d57bbb76691ec60e200604235cc17a62aa06cfad9d37f62fc7b1771e290b7157,ad4c7bb304c4377d4d8a19bfb05031373c873eb26c34c1b4eff571f092c590c9
