epoch,learning_rate,train_loss,train_top1,train_samples
1,0.1,1.0779954459762573,55.54,25000
2,0.09999383162408304,0.775042878074646,66.456,25000
3,0.09997532801828658,0.6846162440872192,70.736,25000
4,0.09994449374809851,0.6521730877304077,72.528,25000
5,0.09990133642141359,0.5777967716789245,75.584,25000
6,0.09984586668665642,0.5373303637313843,77.236,25000
7,0.09977809823015402,0.5112138854789734,78.456,25000
8,0.09969804777275901,0.49564869596481326,79.04,25000
9,0.09960573506572391,0.4771112371635437,79.868,25000
10,0.09950118288582789,0.461716796951294,80.864,25000
11,0.09938441702975691,0.4488992222690582,81.58,25000
12,0.09925546630773871,0.43911674124717714,81.888,25000
13,0.09911436253643445,0.427714446849823,82.36,25000
14,0.0989611405310883,0.41149822866439817,83.256,25000
15,0.09879583809693739,0.40682726072311404,83.356,25000
16,0.09861849601988384,0.3986487554264069,83.7,25000
17,0.09842915805643157,0.3968623406410217,83.66,25000
18,0.09822787092288993,0.38260279759407045,84.356,25000
19,0.09801468428384717,0.37963883090019224,84.536,25000
20,0.09778965073991652,0.37819348418235776,84.62,25000
21,0.0975528258147577,0.37196933740615845,84.772,25000
22,0.09730426794137728,0.3581427702522278,85.464,25000
23,0.09704403844771128,0.36093224312782285,85.288,25000
24,0.09677220154149338,0.36139896827697754,85.544,25000
25,0.09648882429441258,0.3498263506603241,85.884,25000
26,0.09619397662556435,0.3467639037513733,85.928,25000
27,0.09588773128419906,0.3358562045288086,86.444,25000
28,0.09557016383177226,0.3305439388370514,86.504,25000
29,0.09524135262330098,0.33473701387405397,86.516,25000
30,0.09490137878803079,0.32644546577453615,86.764,25000
31,0.0945503262094184,0.3217546476173401,87.116,25000
32,0.0941882815044347,0.32069116937637326,86.944,25000
33,0.09381533400219319,0.3235117077541351,86.792,25000
34,0.09343157572190958,0.31536346011638644,87.256,25000
35,0.0930371013501972,0.3136424020957947,87.436,25000
36,0.09263200821770463,0.30646283413410186,87.484,25000
37,0.09221639627510078,0.30408664299964905,88.052,25000
38,0.09179036806841355,0.3030601843261719,88.124,25000
39,0.09135402871372812,0.2961800825214386,88.272,25000
40,0.0909074858712512,0.29040525344848633,88.46,25000
41,0.09045084971874741,0.2886336572551727,88.508,25000
42,0.08998423292435458,0.29119056673049926,88.188,25000
43,0.08950775061878455,0.28342519891738893,88.6,25000
44,0.08902152036691653,0.2807620739841461,88.596,25000
45,0.08852566213878951,0.28208210365772246,88.836,25000
46,0.0880202982800016,0.2745028909492493,89.072,25000
47,0.08750555348152303,0.2741255962085724,89.02,25000
48,0.08698155474893052,0.2702403394126892,89.364,25000
49,0.08644843137107061,0.26755690563201906,89.3,25000
50,0.08590631488815947,0.273511158618927,89.236,25000
51,0.0853553390593274,0.2624382057094574,89.464,25000
52,0.08479563982961574,0.26392105810165406,89.484,25000
53,0.08422735529643446,0.2574564349269867,89.556,25000
54,0.08365062567548869,0.25626118918418883,89.936,25000
55,0.08306559326618261,0.25427616980552675,89.856,25000
56,0.0824724024165092,0.2512556628131866,89.812,25000
57,0.0818711994874345,0.2472469054222107,90.204,25000
58,0.08126213281678528,0.2516813274383545,90.048,25000
59,0.08064535268264884,0.24601423203468323,90.324,25000
60,0.08002101126629421,0.23965241702079773,90.508,25000
61,0.07938926261462367,0.2443551427936554,90.304,25000
62,0.07875026260216395,0.23538858717918396,90.716,25000
63,0.07810416889260656,0.23526785364151,90.572,25000
64,0.07745114089990661,0.233784351644516,90.872,25000
65,0.07679133974894985,0.23125415587425233,90.856,25000
66,0.07612492823579746,0.23091075829982757,90.856,25000
67,0.07545207078751859,0.23059154750823974,90.948,25000
68,0.0747729334216204,0.22888718331336974,90.864,25000
69,0.07408768370508578,0.22341607850074768,91.236,25000
70,0.0733964907130287,0.22381560128211975,91.08,25000
71,0.07269952498697736,0.22310722929000854,91.42,25000
72,0.07199695849279578,0.2126294569015503,91.464,25000
73,0.07128896457825366,0.21730319063186646,91.508,25000
74,0.07057571793025548,0.2160516828727722,91.448,25000
75,0.06985739453173906,0.20950782561779022,91.644,25000
76,0.06913417161825453,0.21391768632888794,91.5,25000
77,0.06840622763423394,0.20556042160272597,92.076,25000
78,0.0676737421889629,0.20372601288795472,91.956,25000
79,0.06693689601226462,0.2042408328819275,92.024,25000
80,0.06619587090990751,0.20033342638015747,92.108,25000
81,0.06545084971874741,0.20404509181976319,91.78,25000
82,0.06470201626161524,0.2003733527469635,92.12,25000
83,0.06394955530196152,0.1968238880634308,92.184,25000
84,0.06319365249826868,0.19890718099594115,92.156,25000
85,0.06243449435824277,0.19105843488693236,92.464,25000
86,0.06167226819279532,0.2009357112979889,92.032,25000
87,0.06090716206982718,0.18870407402038575,92.688,25000
88,0.06013936476782568,0.18773595767974854,92.556,25000
89,0.05936906572928629,0.1865899085378647,92.6,25000
90,0.05859645501397052,0.18310517290115355,92.896,25000
91,0.05782172325201159,0.18056434834957122,92.88,25000
92,0.057045061596879186,0.1753049549150467,93.196,25000
93,0.056266661678215264,0.17567133558750153,93.04,25000
94,0.055486715554552306,0.17766132069587706,92.92,25000
95,0.05470541566592575,0.1721323643875122,93.136,25000
96,0.05392295478639229,0.17758484152317047,93.088,25000
97,0.05313952597646571,0.16869576430797578,93.34,25000
98,0.05235532253548216,0.17183508425712585,93.248,25000
99,0.051570537953906447,0.16013246488571167,93.612,25000
100,0.05078536586559106,0.16208988415718079,93.768,25000
101,0.050000000000000024,0.15798445682525636,93.756,25000
102,0.049214634134409,0.16195369606018067,93.704,25000
103,0.04842946204609361,0.16329516731262206,93.636,25000
104,0.04764467746451789,0.15255942950010298,94.068,25000
105,0.046860474023534354,0.1539935559940338,94.028,25000
106,0.04607704521360778,0.152617748503685,93.88,25000
107,0.04529458433407431,0.15209889803409576,94.088,25000
108,0.04451328444544776,0.14468602081775667,94.368,25000
109,0.04373333832178482,0.14148247296094896,94.428,25000
110,0.0429549384031209,0.13948247070789338,94.612,25000
111,0.042178276747988484,0.14130982704162598,94.52,25000
112,0.04140354498602954,0.136577584733963,94.736,25000
113,0.0406309342707138,0.13868569938659667,94.656,25000
114,0.03986063523217441,0.1312653495979309,94.976,25000
115,0.039092837930172916,0.13406422892570496,94.784,25000
116,0.03832773180720475,0.12447950949788093,95.056,25000
117,0.037565505641757285,0.12574650369644166,95.144,25000
118,0.03680634750173138,0.12680425553798674,95.144,25000
119,0.036050444698038565,0.11804624082565307,95.428,25000
120,0.03529798373838483,0.11950182124137879,95.368,25000
121,0.03454915028125267,0.11857520638942719,95.432,25000
122,0.03380412909009255,0.11016529597520829,95.908,25000
123,0.03306310398773545,0.1131211528968811,95.7,25000
124,0.03232625781103717,0.10845469375848771,95.952,25000
125,0.03159377236576613,0.10460193749904632,96.176,25000
126,0.030865828381745543,0.10837185594558715,95.804,25000
127,0.03014260546826098,0.10224010739088059,96.048,25000
128,0.02942428206974458,0.09360637617230415,96.48,25000
129,0.028711035421746387,0.09608636865615845,96.324,25000
130,0.02800304150720426,0.09307664734244346,96.472,25000
131,0.02730047501302268,0.09911744686126708,96.164,25000
132,0.026603509286971357,0.09134413307189941,96.684,25000
133,0.025912316294914244,0.08509731318235397,96.824,25000
134,0.025227066578379632,0.08412624904155731,96.9,25000
135,0.024547929212481445,0.08460130373716354,96.92,25000
136,0.02387507176420257,0.07935043083429337,96.996,25000
137,0.023208660251050166,0.07717886376380921,97.016,25000
138,0.022548859100093414,0.07650458381414413,97.108,25000
139,0.021895831107393474,0.07834225266933441,97.016,25000
140,0.02124973739783608,0.07019367686867714,97.4,25000
141,0.02061073738537636,0.06655638809800148,97.54,25000
142,0.019978988733705814,0.07040653738677502,97.364,25000
143,0.01935464731735118,0.06793187013626098,97.536,25000
144,0.018737867183214747,0.06261517267107963,97.856,25000
145,0.01812880051256552,0.05520083325147629,98.044,25000
146,0.017527597583490827,0.05482156391143799,97.992,25000
147,0.01693440673381742,0.05622414092540741,97.964,25000
148,0.016349374324511334,0.05855861162245274,97.864,25000
149,0.01577264470356557,0.05182931738257408,98.136,25000
150,0.01520436017038429,0.051340463832616805,98.144,25000
151,0.014644660940672632,0.046618907200098036,98.38,25000
152,0.01409368511184057,0.04268520182967186,98.544,25000
153,0.013551568628929438,0.040071933896541595,98.584,25000
154,0.013018445251069516,0.038426194782853126,98.672,25000
155,0.012494446518477026,0.037603300753831864,98.664,25000
156,0.011979701719998459,0.03612497490644455,98.74,25000
157,0.011474337861210548,0.03150574818313122,98.876,25000
158,0.010978479633083526,0.03368833873480558,98.9,25000
159,0.010492249381215483,0.030287580069303512,99.024,25000
160,0.010015767075645474,0.02917654280215502,99.016,25000
161,0.009549150281252637,0.026633872464746237,99.096,25000
162,0.00909251412874884,0.027720475011467932,99.056,25000
163,0.008645971286271918,0.025496872282475234,99.196,25000
164,0.008209631931586501,0.0259820518258214,99.132,25000
165,0.0077836037248992605,0.023556564279794693,99.22,25000
166,0.0073679917822954055,0.022258831529170273,99.292,25000
167,0.006962898649802815,0.019505026110708715,99.384,25000
168,0.006568424278090438,0.019969891609847544,99.364,25000
169,0.006184665997806824,0.01855545277416706,99.456,25000
170,0.00581171849556533,0.01740147663205862,99.444,25000
171,0.0054496737905816136,0.017692266001999378,99.424,25000
172,0.005098621211969226,0.017582600812464953,99.492,25000
173,0.004758647376699035,0.015631948334276675,99.58,25000
174,0.00442983616822775,0.01614681148648262,99.488,25000
175,0.004112268715800957,0.014791221854165197,99.616,25000
176,0.003806023374435677,0.014734811511188746,99.536,25000
177,0.003511175705587435,0.014546127211600542,99.616,25000
178,0.0032277984585066333,0.013775023977831006,99.592,25000
179,0.002955961552288729,0.013082483490668238,99.688,25000
180,0.0026957320586227366,0.012897593506127595,99.652,25000
181,0.002447174185242325,0.011825200952142477,99.716,25000
182,0.0022103492600834954,0.011587818952500821,99.748,25000
183,0.0019853157161528537,0.01201338508039713,99.676,25000
184,0.001772129077110103,0.012046052007041872,99.676,25000
185,0.0015708419435684529,0.011335877047032117,99.716,25000
186,0.0013815039801161732,0.01114303530998528,99.724,25000
187,0.0012041619030626347,0.011241740284860134,99.68,25000
188,0.0010388594689117077,0.010784400282502174,99.736,25000
189,0.0008856374635655645,0.010353725662976503,99.78,25000
190,0.000744533692261307,0.01037867706619203,99.768,25000
191,0.0006155829702431174,0.010403477849811316,99.744,25000
192,0.0004988171141721235,0.010481596727222204,99.752,25000
193,0.00039426493427611206,0.010614146624654531,99.756,25000
194,0.00030195222724102046,0.009777763650417328,99.76,25000
195,0.00022190176984600036,0.010616478099040687,99.708,25000
196,0.00015413331334360192,0.009836811275035143,99.776,25000
197,9.866357858642213e-05,0.010734209029078484,99.772,25000
198,5.5506251901504864e-05,0.010533573032096028,99.736,25000
199,2.4671981713420017e-05,0.010467611014693975,99.748,25000
200,6.168375916970619e-06,0.009125256474018097,99.804,25000
