epoch,learning_rate,train_loss,train_top1,train_samples,val_loss,val_top1,val_samples
1,0.1,1.1293445359971788,54.96,22500,0.8447969264030456,63.8,2500
2,0.09999383162408304,0.7668866652170817,66.90222222222222,22500,0.7495922212600707,69.16,2500
3,0.09997532801828658,0.6605848951445685,72.07111111111111,22500,0.7499585653305054,67.52,2500
4,0.09994449374809851,0.605701173904207,74.31111111111112,22500,0.6490905594825744,74.0,2500
5,0.09990133642141359,0.5600490812301636,76.86222222222223,22500,0.5553557412147522,76.84,2500
6,0.09984586668665642,0.5141132223553128,78.47555555555556,22500,0.48432889575958255,79.88,2500
7,0.09977809823015402,0.49373089769681294,79.61333333333333,22500,0.46866136198043823,80.4,2500
8,0.09969804777275901,0.4671142950958676,80.60444444444444,22500,0.45832009000778196,80.56,2500
9,0.09960573506572391,0.43777521794107227,81.84444444444445,22500,0.40372857847213744,83.56,2500
10,0.09950118288582789,0.42373188740942214,82.43555555555555,22500,0.439701566696167,81.76,2500
11,0.09938441702975691,0.40301681292851765,83.37333333333333,22500,0.41402201509475706,83.44,2500
12,0.09925546630773871,0.38709649924172296,84.08,22500,0.42594084615707395,82.6,2500
13,0.09911436253643445,0.3796020561218262,84.4888888888889,22500,0.6214525987625122,75.56,2500
14,0.0989611405310883,0.37113539797465006,84.91555555555556,22500,0.39737089710235596,83.76,2500
15,0.09879583809693739,0.3617312232229445,85.4888888888889,22500,0.38329558577537537,83.24,2500
16,0.09861849601988384,0.3446753029081557,85.91111111111111,22500,0.40574619388580324,84.36,2500
17,0.09842915805643157,0.34258330868615045,86.07111111111111,22500,0.5712777902603149,77.72,2500
18,0.09822787092288993,0.33298760068681504,86.58666666666667,22500,0.36595100870132447,84.64,2500
19,0.09801468428384717,0.33043429553243847,86.49333333333334,22500,0.4021103155136108,83.6,2500
20,0.09778965073991652,0.33065897777345443,86.40444444444445,22500,0.4116723081588745,83.24,2500
21,0.0975528258147577,0.319489739312066,87.20444444444445,22500,0.3271596535682678,86.0,2500
22,0.09730426794137728,0.3143535484155019,87.22222222222223,22500,0.384757647895813,84.6,2500
23,0.09704403844771128,0.30535325208240083,87.61333333333333,22500,0.3375091689109802,85.8,2500
24,0.09677220154149338,0.30251872152752346,87.59555555555555,22500,0.35209608163833617,85.68,2500
25,0.09648882429441258,0.30531984317037797,87.76444444444445,22500,0.5526729639053345,79.4,2500
26,0.09619397662556435,0.294551581536399,88.16888888888889,22500,0.4020718780040741,83.56,2500
27,0.09588773128419906,0.29269807114071317,88.10666666666667,22500,0.5094073295116425,80.76,2500
28,0.09557016383177226,0.29345015185144213,88.23555555555555,22500,0.34206901597976686,86.2,2500
29,0.09524135262330098,0.28163789172702364,88.43111111111111,22500,0.5013164274215698,81.52,2500
30,0.09490137878803079,0.281077921210395,88.93333333333334,22500,0.38089707050323485,84.68,2500
31,0.0945503262094184,0.2750526495880551,89.00444444444445,22500,0.3604357841968536,86.24,2500
32,0.0941882815044347,0.27185716025034584,89.24888888888889,22500,0.35863564767837525,85.72,2500
33,0.09381533400219319,0.26619375400013395,89.37333333333333,22500,0.3438094462633133,85.84,2500
34,0.09343157572190958,0.2709890458054013,89.54222222222222,22500,0.3181290412425995,87.4,2500
35,0.0930371013501972,0.2574960307545132,89.50222222222222,22500,0.3824891323328018,84.4,2500
36,0.09263200821770463,0.2623043773598141,89.57777777777778,22500,0.3542438943862915,86.44,2500
37,0.09221639627510078,0.252626870420244,90.0,22500,0.3912521903991699,84.92,2500
38,0.09179036806841355,0.2591790019724104,89.72,22500,0.3720161959648132,85.56,2500
39,0.09135402871372812,0.25351530884106954,89.81333333333333,22500,0.3958713304519653,85.8,2500
40,0.0909074858712512,0.24906952522065903,89.98666666666666,22500,0.32728424997329714,86.68,2500
41,0.09045084971874741,0.24457661139170328,90.33333333333333,22500,0.3355871137142181,87.24,2500
42,0.08998423292435458,0.24494518706798554,90.31111111111112,22500,0.34021410760879517,86.44,2500
43,0.08950775061878455,0.23595927839279174,90.60444444444444,22500,0.37537890405654906,85.92,2500
44,0.08902152036691653,0.23938181938065423,90.34666666666666,22500,0.323343595123291,87.56,2500
45,0.08852566213878951,0.24181280783547296,90.39555555555556,22500,0.3580639112472534,85.96,2500
46,0.0880202982800016,0.2292971994082133,90.97333333333333,22500,0.429557617855072,84.68,2500
47,0.08750555348152303,0.22280797773996988,91.32444444444444,22500,0.41261045169830324,84.92,2500
48,0.08698155474893052,0.22946347789499494,90.86666666666666,22500,0.35609243831634524,86.04,2500
49,0.08644843137107061,0.2209667559782664,91.42222222222222,22500,0.36331564435958863,85.64,2500
50,0.08590631488815947,0.22173314305411446,91.17777777777778,22500,0.3650354629516602,85.92,2500
51,0.0853553390593274,0.22361143056551616,91.01777777777778,22500,0.35194326725006103,86.68,2500
52,0.08479563982961574,0.21676471253501045,91.27555555555556,22500,0.3340864247083664,87.16,2500
53,0.08422735529643446,0.2138156112962299,91.4888888888889,22500,0.36210468158721926,86.32,2500
54,0.08365062567548869,0.21106517681015863,91.57333333333334,22500,0.4169294792175293,84.6,2500
55,0.08306559326618261,0.21243193157513937,91.72,22500,0.3962535639286041,84.84,2500
56,0.0824724024165092,0.21286858566734526,91.4888888888889,22500,0.33869857635498046,86.96,2500
57,0.0818711994874345,0.20119605195787219,92.25777777777778,22500,0.33455995252132414,86.68,2500
58,0.08126213281678528,0.19973138105604385,92.28444444444445,22500,0.3593161112785339,86.24,2500
59,0.08064535268264884,0.1948560856130388,92.61777777777777,22500,0.4047025665283203,86.04,2500
60,0.08002101126629421,0.19389763153658973,92.44,22500,0.3412985605239868,87.88,2500
61,0.07938926261462367,0.19680613316959805,92.10666666666667,22500,0.3929459681510925,86.68,2500
62,0.07875026260216395,0.19537631523079343,92.22222222222223,22500,0.36195468816757204,86.8,2500
63,0.07810416889260656,0.182224792084429,92.93333333333334,22500,0.36740070505142214,86.96,2500
64,0.07745114089990661,0.1892619619793362,92.53777777777778,22500,0.32821240940093993,87.92,2500
65,0.07679133974894985,0.1825322738011678,92.76444444444445,22500,0.4181436687409878,86.2,2500
66,0.07612492823579746,0.18121029872894287,92.85333333333334,22500,0.3480486267089844,87.24,2500
67,0.07545207078751859,0.18218395363754697,92.75555555555556,22500,0.40611998834609986,86.16,2500
68,0.0747729334216204,0.17942519558668138,92.95111111111112,22500,0.43598954315185545,85.04,2500
69,0.07408768370508578,0.17310976943969728,93.17333333333333,22500,0.365080632686615,86.44,2500
70,0.0733964907130287,0.1613193903737598,93.78222222222222,22500,0.3869797430992126,86.6,2500
71,0.07269952498697736,0.17324277000427246,93.27111111111111,22500,0.4028671208381653,85.8,2500
72,0.07199695849279578,0.17094647846221925,93.48,22500,0.38077652969360354,87.08,2500
73,0.07128896457825366,0.15904974499278599,93.92444444444445,22500,0.4305302240133286,85.96,2500
74,0.07057571793025548,0.16569239592022367,93.60444444444444,22500,0.34364371547698974,88.32,2500
75,0.06985739453173906,0.1633851898882124,93.53333333333333,22500,0.358730752658844,87.24,2500
76,0.06913417161825453,0.15375136131710476,93.93333333333334,22500,0.652058217906952,81.68,2500
77,0.06840622763423394,0.1533691818257173,93.99555555555555,22500,0.3956770217895508,87.08,2500
78,0.0676737421889629,0.15320646867222257,94.04,22500,0.43519198513031004,85.0,2500
79,0.06693689601226462,0.14979450374444325,94.10222222222222,22500,0.3570323472976685,87.04,2500
80,0.06619587090990751,0.1432707874973615,94.49333333333334,22500,0.3855473052978516,87.0,2500
81,0.06545084971874741,0.14098885847727458,94.61333333333333,22500,0.4289590118408203,85.72,2500
82,0.06470201626161524,0.1406137820455763,94.63111111111111,22500,0.3643320842266083,87.8,2500
83,0.06394955530196152,0.14341596728430853,94.52888888888889,22500,0.41731697282791136,87.08,2500
84,0.06319365249826868,0.13578849855528938,94.77777777777777,22500,0.4291093002319336,85.76,2500
85,0.06243449435824277,0.13365007438659668,95.00888888888889,22500,0.3659245169341564,88.36,2500
86,0.06167226819279532,0.12991798531214396,95.04888888888888,22500,0.40731818614006043,86.52,2500
87,0.06090716206982718,0.1318813675350613,95.01333333333334,22500,0.3997225133895874,86.56,2500
88,0.06013936476782568,0.12058402541213566,95.49333333333334,22500,0.39297486186027525,87.68,2500
89,0.05936906572928629,0.1316999259577857,94.91111111111111,22500,0.3823556439399719,87.4,2500
90,0.05859645501397052,0.1243301478571362,95.2311111111111,22500,0.3911499549865723,87.36,2500
91,0.05782172325201159,0.12190986919138166,95.49777777777778,22500,0.4203264735817909,86.88,2500
92,0.057045061596879186,0.11939990480475955,95.52444444444444,22500,0.3368817515194416,88.28,2500
93,0.056266661678215264,0.10801805065340465,95.92888888888889,22500,0.39789609260559083,88.32,2500
94,0.055486715554552306,0.12151997876432206,95.34222222222222,22500,0.48208012515306475,86.32,2500
95,0.05470541566592575,0.11403426389694214,95.7688888888889,22500,0.43381009499914946,86.96,2500
96,0.05392295478639229,0.11088451377815671,95.72,22500,0.4503894913196564,86.24,2500
97,0.05313952597646571,0.11436580348147286,95.74666666666667,22500,0.41206944422721864,86.76,2500
98,0.05235532253548216,0.10589785690307617,96.01333333333334,22500,0.46876048226356504,86.56,2500
99,0.051570537953906447,0.10135303377840255,96.33333333333333,22500,0.39778300037384035,87.56,2500
100,0.05078536586559106,0.1034142306274838,96.09333333333333,22500,0.41732200751304627,87.08,2500
101,0.050000000000000024,0.10333105926778581,96.05333333333333,22500,0.3823771770477295,88.36,2500
102,0.049214634134409,0.09403003204663594,96.42222222222222,22500,0.42178001136779786,87.68,2500
103,0.04842946204609361,0.09967653347849846,96.13333333333334,22500,0.4626445694446564,86.24,2500
104,0.04764467746451789,0.08897571283446418,96.65333333333334,22500,0.39489723873138427,87.84,2500
105,0.046860474023534354,0.09271571806553337,96.41333333333333,22500,0.4471542256474495,86.92,2500
106,0.04607704521360778,0.08646625287002987,96.68,22500,0.4674694459438324,86.8,2500
107,0.04529458433407431,0.08473980897267659,96.82666666666667,22500,0.42642494851201773,87.88,2500
108,0.04451328444544776,0.07611612520217896,97.13777777777777,22500,0.4335380323410034,87.28,2500
109,0.04373333832178482,0.07522953199545543,97.12,22500,0.5379855230331421,86.44,2500
110,0.0429549384031209,0.0814383532098598,96.95111111111112,22500,0.4601450905799866,87.04,2500
111,0.042178276747988484,0.07822121519711282,97.04444444444445,22500,0.4240763449549675,88.24,2500
112,0.04140354498602954,0.07814748259915245,97.14222222222222,22500,0.44306659355163575,87.0,2500
113,0.0406309342707138,0.06981929111944304,97.42666666666666,22500,0.3820193199634552,88.88,2500
114,0.03986063523217441,0.06411178828875223,97.55111111111111,22500,0.5182851318359375,86.72,2500
115,0.039092837930172916,0.07035149124695195,97.45777777777778,22500,0.4261364858150482,87.6,2500
116,0.03832773180720475,0.06848409207132128,97.46222222222222,22500,0.4104847361087799,88.36,2500
117,0.037565505641757285,0.06658002750078837,97.39111111111112,22500,0.39756954240798953,88.68,2500
118,0.03680634750173138,0.06330634281105466,97.67555555555556,22500,0.47555217161178587,87.72,2500
119,0.036050444698038565,0.05749935732815001,97.92444444444445,22500,0.415213497543335,88.96,2500
120,0.03529798373838483,0.05734443451033698,97.91111111111111,22500,0.4844050651550293,87.6,2500
121,0.03454915028125267,0.054676336851384906,98.06222222222222,22500,0.4225741055250168,88.44,2500
122,0.03380412909009255,0.04740383299026224,98.28,22500,0.4686929740905762,88.2,2500
123,0.03306310398773545,0.052775635510020784,98.06222222222222,22500,0.437562682056427,89.16,2500
124,0.03232625781103717,0.05655106537805663,97.99555555555555,22500,0.4370979115486145,88.24,2500
125,0.03159377236576613,0.04562642763853073,98.34666666666666,22500,0.521004778623581,87.4,2500
126,0.030865828381745543,0.049414927729301984,98.19555555555556,22500,0.43619043855667117,88.92,2500
127,0.03014260546826098,0.03991728408204185,98.59555555555555,22500,0.5076021144866943,87.92,2500
128,0.02942428206974458,0.038655483274327385,98.60444444444444,22500,0.49700772132873533,87.52,2500
129,0.028711035421746387,0.04620733810795678,98.35555555555555,22500,0.49943893146514895,88.2,2500
130,0.02800304150720426,0.040065280378195976,98.52,22500,0.46224909534454345,88.2,2500
131,0.02730047501302268,0.03393850315246317,98.92,22500,0.5260102768898011,88.24,2500
132,0.026603509286971357,0.03599964463710785,98.65333333333334,22500,0.4378660509109497,89.28,2500
133,0.025912316294914244,0.02965077029176884,98.98666666666666,22500,0.5159762146949768,88.32,2500
134,0.025227066578379632,0.03616307989690039,98.71555555555555,22500,0.5000172868251801,88.44,2500
135,0.024547929212481445,0.028532236210505168,98.98666666666666,22500,0.5022158164024353,88.44,2500
136,0.02387507176420257,0.02698701319297155,99.11111111111111,22500,0.4839250654220581,88.8,2500
137,0.023208660251050166,0.02892941137287352,98.97333333333333,22500,0.513324670791626,88.48,2500
138,0.022548859100093414,0.025817089891433716,99.11111111111111,22500,0.47381036701202395,88.72,2500
139,0.021895831107393474,0.025603350383208857,99.12,22500,0.5008324788093567,88.76,2500
140,0.02124973739783608,0.023701420602947474,99.15555555555555,22500,0.5177728550910949,88.72,2500
141,0.02061073738537636,0.022573921853966183,99.19555555555556,22500,0.4546292531967163,88.88,2500
142,0.019978988733705814,0.021272040980392034,99.28888888888889,22500,0.4975718730926514,89.0,2500
143,0.01935464731735118,0.01749568568666776,99.36,22500,0.5204333497047424,88.52,2500
144,0.018737867183214747,0.02023554972819984,99.30666666666667,22500,0.5226681683540344,89.0,2500
145,0.01812880051256552,0.015045623060916034,99.5111111111111,22500,0.4892406396865845,89.96,2500
146,0.017527597583490827,0.02006775581083364,99.29777777777778,22500,0.5059077691078187,89.52,2500
147,0.01693440673381742,0.014696130587574508,99.50666666666666,22500,0.5075455560684204,89.64,2500
148,0.016349374324511334,0.013619987787057955,99.57777777777778,22500,0.5039773756504059,89.4,2500
149,0.01577264470356557,0.011170893329299159,99.63111111111111,22500,0.509499706363678,89.84,2500
150,0.01520436017038429,0.009261143589185344,99.72444444444444,22500,0.493083309173584,89.6,2500
151,0.014644660940672632,0.008288809014691248,99.75111111111111,22500,0.4974138852119446,90.12,2500
152,0.01409368511184057,0.010836671825912263,99.63555555555556,22500,0.5135813829421997,89.72,2500
153,0.013551568628929438,0.007900900530690948,99.77333333333333,22500,0.49902555737495424,90.12,2500
154,0.013018445251069516,0.006729079939797521,99.83111111111111,22500,0.48396325693130493,89.96,2500
155,0.012494446518477026,0.005799373080995348,99.84,22500,0.49544861087799075,89.92,2500
156,0.011979701719998459,0.005254934823264678,99.86666666666666,22500,0.49510566906929016,89.76,2500
157,0.011474337861210548,0.005512595175123877,99.85777777777778,22500,0.4917653763771057,89.92,2500
158,0.010978479633083526,0.003877319296899562,99.89777777777778,22500,0.493454816865921,89.92,2500
159,0.010492249381215483,0.0038905517207665575,99.92444444444445,22500,0.4980780741214752,90.08,2500
160,0.010015767075645474,0.002963826767484554,99.94666666666667,22500,0.4915385814666748,90.16,2500
161,0.009549150281252637,0.003392413433165186,99.92888888888889,22500,0.5088126730918884,90.0,2500
162,0.00909251412874884,0.0034060158336548033,99.94222222222223,22500,0.5046151051521302,89.64,2500
163,0.008645971286271918,0.0033822082236253967,99.92444444444445,22500,0.5065444038391114,89.88,2500
164,0.008209631931586501,0.0033989129511587737,99.91111111111111,22500,0.5031441362380982,89.8,2500
165,0.0077836037248992605,0.002961555052093334,99.93777777777778,22500,0.4881601014137268,89.92,2500
166,0.0073679917822954055,0.0029728700670310195,99.95555555555555,22500,0.4893015955924988,90.08,2500
167,0.006962898649802815,0.0024480947190895675,99.96,22500,0.5047081253051758,90.32,2500
168,0.006568424278090438,0.002382818246767339,99.94666666666667,22500,0.507078399848938,90.28,2500
169,0.006184665997806824,0.002463793043585287,99.96,22500,0.5122100822448731,89.92,2500
170,0.00581171849556533,0.002153608436675535,99.96444444444444,22500,0.504026261806488,89.96,2500
171,0.0054496737905816136,0.002066489670239389,99.96,22500,0.5031304023742675,89.96,2500
172,0.005098621211969226,0.0024948598076692885,99.93777777777778,22500,0.5040493496894837,90.24,2500
173,0.004758647376699035,0.0021776152728953295,99.95555555555555,22500,0.500444689655304,90.4,2500
174,0.00442983616822775,0.0018023093912957443,99.96,22500,0.5105270476341247,89.92,2500
175,0.004112268715800957,0.0015723651242597649,99.98666666666666,22500,0.4978684061050415,90.28,2500
176,0.003806023374435677,0.0016991042020575453,99.98222222222222,22500,0.5019231079101563,89.92,2500
177,0.003511175705587435,0.0018559646367716292,99.96888888888888,22500,0.5104647643089294,89.8,2500
178,0.0032277984585066333,0.0019721459083673026,99.96888888888888,22500,0.501511661529541,90.0,2500
179,0.002955961552288729,0.0017500584605770807,99.99111111111111,22500,0.5045674511909485,90.08,2500
180,0.0026957320586227366,0.0016794058846206301,99.98666666666666,22500,0.49933638067245484,90.08,2500
181,0.002447174185242325,0.001612965142995947,99.96444444444444,22500,0.5033348534584046,90.24,2500
182,0.0022103492600834954,0.0017876096609203765,99.97333333333333,22500,0.5033820090293885,89.92,2500
183,0.0019853157161528537,0.001606235381236507,99.98666666666666,22500,0.5021641513824463,89.88,2500
184,0.001772129077110103,0.0017211517667967,99.97777777777777,22500,0.49622426223754884,90.12,2500
185,0.0015708419435684529,0.0014599673290426533,99.99111111111111,22500,0.49805567774772647,90.32,2500
186,0.0013815039801161732,0.001511992827244103,99.98666666666666,22500,0.49669677429199216,90.2,2500
187,0.0012041619030626347,0.0014385095714074042,99.98222222222222,22500,0.4995875361442566,90.08,2500
188,0.0010388594689117077,0.0014465205905493349,99.96,22500,0.5003138726234436,90.08,2500
189,0.0008856374635655645,0.0013924305942116513,99.97333333333333,22500,0.4960084966659546,90.32,2500
190,0.000744533692261307,0.0016775081621276007,99.96,22500,0.50865137424469,89.72,2500
191,0.0006155829702431174,0.001569874428336819,99.96888888888888,22500,0.4982368801116943,90.0,2500
192,0.0004988171141721235,0.0012217915866989642,100.0,22500,0.4901047494888306,90.08,2500
193,0.00039426493427611206,0.0015869228923279378,99.96,22500,0.5012750257492066,90.08,2500
194,0.00030195222724102046,0.0016157432792397836,99.97333333333333,22500,0.498824622964859,90.2,2500
195,0.00022190176984600036,0.001432865150531547,99.98222222222222,22500,0.4951984982967377,90.08,2500
196,0.00015413331334360192,0.0015594367719617569,99.97333333333333,22500,0.4982027187347412,90.04,2500
197,9.866357858642213e-05,0.0011990224715542153,99.99111111111111,22500,0.49731618676185607,90.0,2500
198,5.5506251901504864e-05,0.0012184837405569851,99.99555555555555,22500,0.49177821698188784,90.32,2500
199,2.4671981713420017e-05,0.0013740594128250248,99.99111111111111,22500,0.497095964384079,90.08,2500
200,6.168375916970619e-06,0.001417203454900947,99.98222222222222,22500,0.4997309911727905,89.96,2500
