path,target,prediction
Mid224/test/bird/canon_astur_cooperii_1579017_7dd399d6c1.jpeg,0,0
Mid224/test/bird/canon_columba_livia_3017_da9d4412b8.jpeg,0,0
Mid224/test/bird/canon_coracias_garrulus_2266_cdb40c2769.jpeg,0,0
Mid224/test/bird/canon_cyanocitta_stelleri_8234_07d4162d97.jpeg,0,0
Mid224/test/bird/canon_dendragapus_obscurus_1241_2f60e46533.jpeg,0,3
Mid224/test/bird/canon_gallus_gallus_882_4443ad9598.jpeg,0,0
Mid224/test/bird/canon_phainopepla_nitens_117002_5283113ffb.jpeg,0,0
Mid224/test/bird/canon_protonotaria_citrea_10729_82ad7ec7c0.jpeg,0,0
Mid224/test/bird/canon_rhipidura_fuliginosa_244276_ebd9d5b85d.jpeg,0,3
Mid224/test/bird/canon_rupornis_magnirostris_201041_3b32e49a53.jpeg,0,0
Mid224/test/bird/canon_setophaga_caerulescens_199916_cf228a888f.jpeg,0,0
Mid224/test/bird/canon_stilpnia_vitriolina_979968_d73035c162.jpeg,0,0
Mid224/test/bird/canon_strepera_graculina_8423_9dcfcd2694.jpeg,0,0
Mid224/test/bird/canon_trichoglossus_moluccanus_980095_855570c862.jpeg,0,0
Mid224/test/bird/field_aeronautes_saxatalis_6553_0db70b0836.jpeg,0,0
Mid224/test/bird/field_aix_sponsa_7107_5ec22e76fd.jpeg,0,0
Mid224/test/bird/field_anatidae_6912_c328e0bfd0.jpeg,0,0
Mid224/test/bird/field_anser_albifrons_7019_73ce219c43.jpeg,0,0
Mid224/test/bird/field_ardeotis_kori_115_878ce4568c.jpeg,0,0
Mid224/test/bird/field_branta_canadensis_7089_46e97d8d50.jpeg,0,0
Mid224/test/bird/field_brotogeris_versicolurus_19210_fe93f62772.jpeg,0,0
Mid224/test/bird/field_bubo_virginianus_20044_82d878ee4f.jpeg,0,0
Mid224/test/bird/field_buteo_buteo_204472_936e6aaecf.jpeg,0,0
Mid224/test/bird/field_buteo_jamaicensis_5212_a5f10b3a54.jpeg,0,0
Mid224/test/bird/field_buteo_lineatus_5206_af3d91d39b.jpeg,0,0
Mid224/test/bird/field_calypte_anna_6317_81c0148999.jpeg,0,0
Mid224/test/bird/field_calypte_costae_6316_bd5fb66d71.jpeg,0,0
Mid224/test/bird/field_calypte_costae_6316_fbc79155eb.jpeg,0,0
Mid224/test/bird/field_calypte_costae_6316_fe004aa9c4.jpeg,0,0
Mid224/test/bird/field_cygnus_olor_6921_541e14c8ea.jpeg,0,0
Mid224/test/bird/field_dryobates_pubescens_792988_7a62a58bcd.jpeg,0,0
Mid224/test/bird/field_egretta_garzetta_4943_7ce6be065e.jpeg,0,0
Mid224/test/bird/field_falco_sparverius_4665_0d28c1fb5e.jpeg,0,0
Mid224/test/bird/field_fulica_atra_482_0730c0d8b2.jpeg,0,0
Mid224/test/bird/field_fulica_cristata_487_4d6c364306.jpeg,0,0
Mid224/test/bird/field_jacana_spinosa_4578_25d7ca7819.jpeg,0,0
Mid224/test/bird/field_junco_hyemalis_10094_7f91e80981.jpeg,0,0
Mid224/test/bird/field_lagonosticta_senegala_14051_f9bbae01fe.jpeg,0,0
Mid224/test/bird/field_macronectes_giganteus_4198_9d3d099066.jpeg,0,4
Mid224/test/bird/field_melanerpes_carolinus_18205_0f7f6e69ca.jpeg,0,0
Mid224/test/bird/field_myadestes_townsendi_12951_4129b1c3c5.jpeg,0,0
Mid224/test/bird/field_oxyura_australis_7074_730c86822a.jpeg,0,0
Mid224/test/bird/field_pandion_haliaetus_116999_e23a666514.jpeg,0,0
Mid224/test/bird/field_pandion_haliaetus_116999_ee5d46a33b.jpeg,0,0
Mid224/test/bird/field_passer_domesticus_13858_73685f21e4.jpeg,0,0
Mid224/test/bird/field_pelecanus_erythrorhynchos_4334_7d6ad94bf0.jpeg,0,0
Mid224/test/bird/field_sayornis_nigricans_17013_c66e70a535.jpeg,0,0
Mid224/test/bird/field_selasphorus_flammula_6364_d0587568f0.jpeg,0,0
Mid224/test/bird/field_tachycineta_thalassina_11931_7e085a5f7c.jpeg,0,0
Mid224/test/bird/field_tachyspiza_fasciata_1583256_f13a160c99.jpeg,0,0
Mid224/test/cat/cat_00263.jpeg,1,1
Mid224/test/cat/cat_00376.jpeg,1,1
Mid224/test/cat/cat_00459.jpeg,1,1
Mid224/test/cat/cat_00543.jpeg,1,1
Mid224/test/cat/cat_00570.jpeg,1,2
Mid224/test/cat/cat_00585.jpeg,1,1
Mid224/test/cat/cat_00654.jpeg,1,1
Mid224/test/cat/cat_00828.jpeg,1,1
Mid224/test/cat/cat_01144.jpeg,1,1
Mid224/test/cat/cat_01171.jpeg,1,1
Mid224/test/cat/cat_01333.jpeg,1,1
Mid224/test/cat/cat_01339.jpeg,1,1
Mid224/test/cat/cat_01402.jpeg,1,1
Mid224/test/cat/cat_01576.jpeg,1,1
Mid224/test/cat/cat_01717.jpeg,1,1
Mid224/test/cat/cat_01729.jpeg,1,1
Mid224/test/cat/cat_01742.jpeg,1,1
Mid224/test/cat/cat_01800.jpeg,1,1
Mid224/test/cat/cat_01867.jpeg,1,1
Mid224/test/cat/cat_01877.jpeg,1,1
Mid224/test/cat/cat_01908.jpeg,1,1
Mid224/test/cat/cat_02006.jpeg,1,1
Mid224/test/cat/cat_02021.jpeg,1,1
Mid224/test/cat/cat_02170.jpeg,1,1
Mid224/test/cat/cat_02188.jpeg,1,1
Mid224/test/cat/cat_02194.jpeg,1,1
Mid224/test/cat/cat_02212.jpeg,1,1
Mid224/test/cat/cat_02278.jpeg,1,1
Mid224/test/cat/cat_02371.jpeg,1,1
Mid224/test/cat/cat_02402.jpeg,1,1
Mid224/test/cat/cat_02578.jpeg,1,1
Mid224/test/cat/cat_02585.jpeg,1,2
Mid224/test/cat/cat_02657.jpeg,1,1
Mid224/test/cat/cat_02911.jpeg,1,1
Mid224/test/cat/cat_02963.jpeg,1,1
Mid224/test/cat/cat_02989.jpeg,1,1
Mid224/test/cat/cat_03033.jpeg,1,1
Mid224/test/cat/cat_03109.jpeg,1,1
Mid224/test/cat/cat_03114.jpeg,1,1
Mid224/test/cat/cat_03242.jpeg,1,1
Mid224/test/cat/cat_03287.jpeg,1,1
Mid224/test/cat/cat_03715.jpeg,1,1
Mid224/test/cat/cat_03759.jpeg,1,1
Mid224/test/cat/cat_03787.jpeg,1,1
Mid224/test/cat/cat_04090.jpeg,1,1
Mid224/test/cat/cat_04376.jpeg,1,1
Mid224/test/cat/cat_04563.jpeg,1,1
Mid224/test/cat/cat_04647.jpeg,1,1
Mid224/test/cat/cat_04730.jpeg,1,1
Mid224/test/cat/cat_04991.jpeg,1,1
Mid224/test/dog/dog_00027.jpeg,2,2
Mid224/test/dog/dog_00095.jpeg,2,2
Mid224/test/dog/dog_00386.jpeg,2,2
Mid224/test/dog/dog_00521.jpeg,2,2
Mid224/test/dog/dog_00745.jpeg,2,2
Mid224/test/dog/dog_00872.jpeg,2,2
Mid224/test/dog/dog_00899.jpeg,2,2
Mid224/test/dog/dog_00914.jpeg,2,2
Mid224/test/dog/dog_00939.jpeg,2,2
Mid224/test/dog/dog_01134.jpeg,2,2
Mid224/test/dog/dog_01253.jpeg,2,2
Mid224/test/dog/dog_01296.jpeg,2,1
Mid224/test/dog/dog_01311.jpeg,2,2
Mid224/test/dog/dog_01324.jpeg,2,1
Mid224/test/dog/dog_01464.jpeg,2,2
Mid224/test/dog/dog_01630.jpeg,2,2
Mid224/test/dog/dog_01797.jpeg,2,2
Mid224/test/dog/dog_02060.jpeg,2,2
Mid224/test/dog/dog_02153.jpeg,2,2
Mid224/test/dog/dog_02158.jpeg,2,2
Mid224/test/dog/dog_02186.jpeg,2,2
Mid224/test/dog/dog_02405.jpeg,2,2
Mid224/test/dog/dog_02445.jpeg,2,1
Mid224/test/dog/dog_02787.jpeg,2,2
Mid224/test/dog/dog_02966.jpeg,2,2
Mid224/test/dog/dog_03064.jpeg,2,2
Mid224/test/dog/dog_03127.jpeg,2,3
Mid224/test/dog/dog_03153.jpeg,2,2
Mid224/test/dog/dog_03272.jpeg,2,1
Mid224/test/dog/dog_03459.jpeg,2,2
Mid224/test/dog/dog_03510.jpeg,2,2
Mid224/test/dog/dog_03562.jpeg,2,2
Mid224/test/dog/dog_03717.jpeg,2,2
Mid224/test/dog/dog_03835.jpeg,2,2
Mid224/test/dog/dog_04043.jpeg,2,2
Mid224/test/dog/dog_04101.jpeg,2,2
Mid224/test/dog/dog_04159.jpeg,2,2
Mid224/test/dog/dog_04175.jpeg,2,2
Mid224/test/dog/dog_04335.jpeg,2,2
Mid224/test/dog/dog_04345.jpeg,2,2
Mid224/test/dog/dog_04399.jpeg,2,2
Mid224/test/dog/dog_04416.jpeg,2,2
Mid224/test/dog/dog_04419.jpeg,2,2
Mid224/test/dog/dog_04533.jpeg,2,2
Mid224/test/dog/dog_04599.jpeg,2,2
Mid224/test/dog/dog_04781.jpeg,2,2
Mid224/test/dog/dog_04789.jpeg,2,2
Mid224/test/dog/dog_04882.jpeg,2,2
Mid224/test/dog/dog_04886.jpeg,2,2
Mid224/test/dog/dog_04989.jpeg,2,2
Mid224/test/frog/canon_dendropsophus_walfordi_65412_168953198.jpeg,3,3
Mid224/test/frog/canon_duellmanohyla_soralia_24390_4727903.jpeg,3,3
Mid224/test/frog/canon_euphlyctis_jaladhara_1363684_224675783.jpeg,3,3
Mid224/test/frog/canon_exerodonta_xera_65468_13393398.jpeg,3,3
Mid224/test/frog/canon_hyperolius_parallelus_23366_17781464.jpeg,3,3
Mid224/test/frog/canon_hyperolius_poweri_65730_177045556.jpeg,3,3
Mid224/test/frog/canon_incilius_valliceps_65860_80267972.jpeg,3,3
Mid224/test/frog/canon_kalophrynus_heterochirus_25100_12065450.jpeg,3,3
Mid224/test/frog/canon_kaloula_pulchra_326303_633181091.jpeg,3,3
Mid224/test/frog/canon_leptobrachium_montanum_24716_422588773.jpeg,3,3
Mid224/test/frog/canon_leptodactylus_rugosus_22965_64211862.jpeg,3,3
Mid224/test/frog/canon_melanophryniscus_formosus_1595942_179021238.jpeg,3,3
Mid224/test/frog/canon_micryletta_melanops_1363656_588687846.jpeg,3,3
Mid224/test/frog/canon_nanohyla_perparva_1191098_42063588.jpeg,3,3
Mid224/test/frog/canon_neobatrachus_pelobatoides_22077_218103778.jpeg,3,3
Mid224/test/frog/canon_physalaemus_ephippifer_23156_70799.jpeg,3,3
Mid224/test/frog/canon_pseudopaludicola_canga_23171_349365033.jpeg,3,3
Mid224/test/frog/canon_rana_arvalis_25488_108876939.jpeg,3,3
Mid224/test/frog/canon_raorchestes_chromasynchysi_70911_57016174.jpeg,3,3
Mid224/test/frog/canon_rawlinsonia_verreauxii_1633169_6220094.jpeg,3,3
Mid224/test/frog/canon_rheobates_palmatus_67082_33372.jpeg,3,3
Mid224/test/frog/canon_rhinella_bella_1541106_162178742.jpeg,3,3
Mid224/test/frog/canon_scaphiopus_holbrookii_26695_120444280.jpeg,3,3
Mid224/test/frog/canon_scinax_crospedospilus_24284_73986314.jpeg,3,3
Mid224/test/frog/canon_sclerophrys_tuberosa_517218_81150363.jpeg,3,3
Mid224/test/frog/canon_uperodon_globulosus_25217_11948706.jpeg,3,3
Mid224/test/frog/field_anaxyrus_boreas_64970_obs_40529924_64230997.jpeg,3,3
Mid224/test/frog/field_anaxyrus_fowleri_64977_obs_178922567_311426589.jpeg,3,3
Mid224/test/frog/field_anaxyrus_punctatus_64984_obs_38434842_61083251.jpeg,3,3
Mid224/test/frog/field_anaxyrus_woodhousii_64989_obs_177084193_307944410.jpeg,3,3
Mid224/test/frog/field_bufo_spinosus_134693_obs_202607569_357852347.jpeg,3,3
Mid224/test/frog/field_bufotes_viridis_1453013_obs_268801967_483213854.jpeg,3,3
Mid224/test/frog/field_dryophytes_squirellus_1668859_obs_250440014_447904673.jpeg,3,3
Mid224/test/frog/field_eleutherodactylus_planirostris_22631_obs_192871151_338684353.jpeg,3,3
Mid224/test/frog/field_fejervarya_limnocharis_26053_obs_147251611_253348851.jpeg,3,3
Mid224/test/frog/field_incilius_nebulifer_65849_obs_48093740_76296156.jpeg,3,3
Mid224/test/frog/field_lithobates_palustris_66002_obs_273360176_491663690.jpeg,3,3
Mid224/test/frog/field_lithobates_pipiens_66003_obs_42321332_67192532.jpeg,3,3
Mid224/test/frog/field_lithobates_sphenocephalus_60341_obs_10005076_13756632.jpeg,3,3
Mid224/test/frog/field_pelodryas_caerulea_1633145_obs_213582457_377468081.jpeg,3,3
Mid224/test/frog/field_pelophylax_perezi_66331_obs_31013_558570.jpeg,3,3
Mid224/test/frog/field_pelophylax_ridibundus_1319807_obs_149736563_258058578.jpeg,3,3
Mid224/test/frog/field_pelophylax_ridibundus_1319807_obs_83801849_137663608.jpeg,3,3
Mid224/test/frog/field_pseudacris_crucifer_24268_obs_14246320_21143249.jpeg,3,3
Mid224/test/frog/field_pseudacris_crucifer_24268_obs_349539583_637644971.jpeg,3,3
Mid224/test/frog/field_pseudacris_regilla_24259_obs_187782031_328475942.jpeg,3,3
Mid224/test/frog/field_rana_temporaria_25591_obs_334478190_607420909.jpeg,3,0
Mid224/test/frog/field_rana_temporaria_25591_obs_334478190_607420910.jpeg,3,0
Mid224/test/frog/field_rhinella_horribilis_517119_obs_91648623_151631167.jpeg,3,3
Mid224/test/frog/field_rhinella_marina_553515_obs_64110_98344.jpeg,3,3
Mid224/test/horse/horse_00121.jpeg,4,4
Mid224/test/horse/horse_00258.jpeg,4,4
Mid224/test/horse/horse_00415.jpeg,4,4
Mid224/test/horse/horse_00444.jpeg,4,4
Mid224/test/horse/horse_00497.jpeg,4,2
Mid224/test/horse/horse_00553.jpeg,4,4
Mid224/test/horse/horse_00581.jpeg,4,4
Mid224/test/horse/horse_00618.jpeg,4,4
Mid224/test/horse/horse_00765.jpeg,4,4
Mid224/test/horse/horse_00773.jpeg,4,4
Mid224/test/horse/horse_00795.jpeg,4,4
Mid224/test/horse/horse_00803.jpeg,4,4
Mid224/test/horse/horse_00807.jpeg,4,4
Mid224/test/horse/horse_00896.jpeg,4,4
Mid224/test/horse/horse_01084.jpeg,4,4
Mid224/test/horse/horse_01149.jpeg,4,4
Mid224/test/horse/horse_01504.jpeg,4,4
Mid224/test/horse/horse_01559.jpeg,4,4
Mid224/test/horse/horse_01560.jpeg,4,4
Mid224/test/horse/horse_01570.jpeg,4,4
Mid224/test/horse/horse_01756.jpeg,4,4
Mid224/test/horse/horse_01937.jpeg,4,4
Mid224/test/horse/horse_01950.jpeg,4,4
Mid224/test/horse/horse_01991.jpeg,4,4
Mid224/test/horse/horse_02037.jpeg,4,4
Mid224/test/horse/horse_02047.jpeg,4,0
Mid224/test/horse/horse_02282.jpeg,4,4
Mid224/test/horse/horse_02707.jpeg,4,4
Mid224/test/horse/horse_02780.jpeg,4,4
Mid224/test/horse/horse_02903.jpeg,4,4
Mid224/test/horse/horse_03299.jpeg,4,4
Mid224/test/horse/horse_03335.jpeg,4,4
Mid224/test/horse/horse_03368.jpeg,4,4
Mid224/test/horse/horse_03457.jpeg,4,4
Mid224/test/horse/horse_03470.jpeg,4,4
Mid224/test/horse/horse_03532.jpeg,4,4
Mid224/test/horse/horse_03631.jpeg,4,4
Mid224/test/horse/horse_03676.jpeg,4,4
Mid224/test/horse/horse_03790.jpeg,4,4
Mid224/test/horse/horse_03826.jpeg,4,4
Mid224/test/horse/horse_03873.jpeg,4,4
Mid224/test/horse/horse_03875.jpeg,4,4
Mid224/test/horse/horse_03977.jpeg,4,4
Mid224/test/horse/horse_04212.jpeg,4,4
Mid224/test/horse/horse_04394.jpeg,4,4
Mid224/test/horse/horse_04418.jpeg,4,4
Mid224/test/horse/horse_04429.jpeg,4,4
Mid224/test/horse/horse_04509.jpeg,4,4
Mid224/test/horse/horse_04678.jpeg,4,4
Mid224/test/horse/horse_04721.jpeg,4,4
