class,precision,recall,f1-score,support
airplane,0.9470588235294117,0.966,0.9564356435643564,1000
automobile,0.9700897308075773,0.973,0.9715426859710434,1000
bird,0.9404040404040404,0.931,0.935678391959799,1000
cat,0.8919191919191919,0.883,0.8874371859296483,1000
deer,0.9407766990291262,0.969,0.954679802955665,1000
dog,0.9032576505429417,0.915,0.9090909090909091,1000
frog,0.9735234215885947,0.956,0.9646821392532795,1000
horse,0.9828282828282828,0.973,0.9778894472361809,1000
ship,0.9747474747474747,0.965,0.9698492462311558,1000
truck,0.9737903225806451,0.966,0.9698795180722891,1000
accuracy,0.9497,0.9497,0.9497,10000
macro avg,0.9498395637977287,0.9497,0.9497164970264327,10000
weighted avg,0.9498395637977288,0.9497,0.9497164970264326,10000
