class,precision,recall,f1-score,support
airplane,0.9621890547263682,0.967,0.9645885286783042,1000
automobile,0.9724409448818898,0.988,0.9801587301587301,1000
bird,0.957042957042957,0.958,0.9575212393803099,1000
cat,0.9155645981688708,0.9,0.9077155824508321,1000
deer,0.9613861386138614,0.971,0.9661691542288557,1000
dog,0.9262948207171314,0.93,0.9281437125748503,1000
frog,0.9777553083923155,0.967,0.9723479135243841,1000
horse,0.9809236947791165,0.977,0.9789579158316634,1000
ship,0.972139303482587,0.977,0.9745635910224439,1000
truck,0.9778002018163471,0.969,0.9733802109492717,1000
accuracy,0.9604,0.9604,0.9604,10000
macro avg,0.9603537022621446,0.9603999999999999,0.9603546578799644,10000
weighted avg,0.9603537022621446,0.9604,0.9603546578799645,10000
