class_id,label,support,sgd_precision,adam_precision,sgd_recall,adam_recall,recall_delta_sgd_minus_adam_pp,sgd_f1,adam_f1,f1_delta_sgd_minus_adam_pp
0,class_000,100,0.8932038834951457,0.8921568627450981,0.92,0.91,1.0000000000000009,0.9064039408866995,0.900990099009901,0.5413841876798497
1,class_001,100,0.9207920792079208,0.8725490196078431,0.93,0.89,4.0000000000000036,0.9253731343283582,0.8811881188118812,4.418501551647703
2,class_002,100,0.7263157894736842,0.6938775510204082,0.69,0.68,0.9999999999999898,0.7076923076923077,0.6868686868686869,2.082362082362088
3,class_003,100,0.8,0.5959595959595959,0.68,0.59,9.000000000000007,0.7351351351351352,0.592964824120603,14.217031101453214
4,class_004,100,0.6574074074074074,0.6923076923076923,0.71,0.63,7.9999999999999964,0.6826923076923077,0.6596858638743456,2.300644381796213
5,class_005,100,0.8333333333333334,0.8210526315789474,0.85,0.78,6.999999999999995,0.8415841584158416,0.8,4.1584158415841515
6,class_006,100,0.8333333333333334,0.8035714285714286,0.9,0.9,0.0,0.8653846153846154,0.8490566037735849,1.632801161103048
7,class_007,100,0.8,0.8387096774193549,0.76,0.78,-2.0000000000000018,0.7794871794871795,0.8082901554404145,-2.8802975953235
8,class_008,100,0.9494949494949495,0.9108910891089109,0.94,0.92,1.9999999999999907,0.9447236180904522,0.9154228855721394,2.930073251831289
9,class_009,100,0.8653846153846154,0.8490566037735849,0.9,0.9,0.0,0.8823529411764706,0.8737864077669902,0.8566533409480326
10,class_010,100,0.7029702970297029,0.6421052631578947,0.71,0.61,9.999999999999998,0.7064676616915423,0.6256410256410256,8.082663605051666
11,class_011,100,0.5431034482758621,0.5631067961165048,0.63,0.58,5.000000000000004,0.5833333333333334,0.5714285714285714,1.1904761904761973
12,class_012,100,0.9148936170212766,0.8484848484848485,0.86,0.84,2.0000000000000018,0.8865979381443299,0.8442211055276382,4.237683261669167
13,class_013,100,0.8571428571428571,0.7802197802197802,0.78,0.71,7.000000000000006,0.8167539267015707,0.743455497382199,7.329842931937169
14,class_014,100,0.86,0.81,0.86,0.81,4.999999999999993,0.86,0.81,4.999999999999993
15,class_015,100,0.9120879120879121,0.7980769230769231,0.83,0.83,0.0,0.8691099476439791,0.8137254901960784,5.5384457447900655
16,class_016,100,0.8217821782178217,0.8269230769230769,0.83,0.86,-3.0000000000000027,0.8258706467661692,0.8431372549019608,-1.7266608135791617
17,class_017,100,0.9157894736842105,0.9574468085106383,0.87,0.9,-3.0000000000000027,0.8923076923076924,0.9278350515463918,-3.552735923869943
18,class_018,100,0.7589285714285714,0.7816091954022989,0.85,0.68,16.999999999999993,0.8018867924528302,0.7272727272727273,7.461406518010294
19,class_019,100,0.8539325842696629,0.8481012658227848,0.76,0.67,8.999999999999996,0.8042328042328042,0.7486033519553073,5.562945227749694
20,class_020,100,0.9117647058823529,0.8910891089108911,0.93,0.9,3.0000000000000027,0.9207920792079208,0.8955223880597015,2.526969114821931
21,class_021,100,0.8952380952380953,0.8584905660377359,0.94,0.91,2.9999999999999916,0.9170731707317074,0.883495145631068,3.357802510063934
22,class_022,100,0.9550561797752809,0.7920792079207921,0.85,0.8,4.999999999999993,0.8994708994708994,0.7960199004975125,10.345099897338695
23,class_023,100,0.8529411764705882,0.8673469387755102,0.87,0.85,2.0000000000000018,0.8613861386138614,0.8585858585858586,0.28002800280028106
24,class_024,100,0.9157894736842105,0.8924731182795699,0.87,0.83,4.0000000000000036,0.8923076923076924,0.8601036269430051,3.220406536468723
25,class_025,100,0.8068181818181818,0.7373737373737373,0.71,0.73,-2.0000000000000018,0.7553191489361702,0.7336683417085427,2.1650807227627578
26,class_026,100,0.7079646017699115,0.7319587628865979,0.8,0.71,9.000000000000007,0.7511737089201878,0.7208121827411168,3.0361526179070952
27,class_027,100,0.6991150442477876,0.7019230769230769,0.79,0.73,6.000000000000005,0.7417840375586855,0.7156862745098039,2.609776304888156
28,class_028,100,0.8627450980392157,0.8775510204081632,0.88,0.86,2.0000000000000018,0.8712871287128713,0.8686868686868687,0.26002600260025543
29,class_029,100,0.845360824742268,0.8144329896907216,0.82,0.79,2.9999999999999916,0.8324873096446701,0.8020304568527918,3.0456852791878264
30,class_030,100,0.7238095238095238,0.723404255319149,0.76,0.68,7.9999999999999964,0.7414634146341463,0.7010309278350515,4.043248679909484
31,class_031,100,0.8297872340425532,0.8315789473684211,0.78,0.79,-1.0000000000000009,0.8041237113402062,0.8102564102564103,-0.6132698916204049
32,class_032,100,0.8043478260869565,0.782608695652174,0.74,0.72,2.0000000000000018,0.7708333333333334,0.75,2.083333333333337
33,class_033,100,0.7373737373737373,0.7551020408163265,0.73,0.74,-1.0000000000000009,0.7336683417085427,0.7474747474747475,-1.3806405766204843
34,class_034,100,0.8484848484848485,0.794392523364486,0.84,0.85,-1.0000000000000009,0.8442211055276382,0.821256038647343,2.2965066880295204
35,class_035,100,0.6551724137931034,0.5714285714285714,0.57,0.6,-3.0000000000000027,0.6096256684491979,0.5853658536585366,2.4259814790661305
36,class_036,100,0.8333333333333334,0.8137254901960784,0.85,0.83,2.0000000000000018,0.8415841584158416,0.8217821782178217,1.980198019801982
37,class_037,100,0.8617021276595744,0.776595744680851,0.81,0.73,8.000000000000007,0.8350515463917526,0.7525773195876289,8.247422680412376
38,class_038,100,0.7821782178217822,0.74,0.79,0.74,5.000000000000004,0.7860696517412935,0.74,4.606965174129352
39,class_039,100,0.9108910891089109,0.8932038834951457,0.92,0.92,0.0,0.9154228855721394,0.9064039408866995,0.9018944685439845
40,class_040,100,0.8279569892473119,0.7978723404255319,0.77,0.75,2.0000000000000018,0.7979274611398963,0.7731958762886598,2.47315848512365
41,class_041,100,0.9320388349514563,0.9393939393939394,0.96,0.93,2.9999999999999916,0.9458128078817734,0.9346733668341709,1.113944104760245
42,class_042,100,0.8901098901098901,0.7978723404255319,0.81,0.75,6.000000000000005,0.8481675392670157,0.7731958762886598,7.497166297835589
43,class_043,100,0.9,0.9148936170212766,0.9,0.86,4.0000000000000036,0.9,0.8865979381443299,1.3402061855670167
44,class_044,100,0.6704545454545454,0.62,0.59,0.62,-3.0000000000000027,0.6276595744680851,0.62,0.7659574468085073
45,class_045,100,0.7931034482758621,0.7647058823529411,0.69,0.65,3.9999999999999925,0.7379679144385026,0.7027027027027027,3.5265211735799884
46,class_046,100,0.6222222222222222,0.5643564356435643,0.56,0.57,-0.9999999999999898,0.5894736842105263,0.5671641791044776,2.2309505106048677
47,class_047,100,0.660377358490566,0.6371681415929203,0.7,0.72,-2.0000000000000018,0.6796116504854369,0.676056338028169,0.3555312457267923
48,class_048,100,0.9142857142857143,0.9047619047619048,0.96,0.95,1.0000000000000009,0.9365853658536586,0.926829268292683,0.9756097560975618
49,class_049,100,0.8823529411764706,0.8476190476190476,0.9,0.89,1.0000000000000009,0.8910891089108911,0.8682926829268293,2.279642598406184
50,class_050,100,0.6831683168316832,0.525,0.69,0.63,5.999999999999995,0.6865671641791045,0.5727272727272728,11.383989145183172
51,class_051,100,0.8367346938775511,0.8061224489795918,0.82,0.79,2.9999999999999916,0.8282828282828283,0.797979797979798,3.0303030303030276
52,class_052,100,0.625,0.6,0.65,0.69,-3.9999999999999925,0.6372549019607843,0.641860465116279,-0.4605563155494763
53,class_053,100,0.9158878504672897,0.8508771929824561,0.98,0.97,1.0000000000000009,0.9468599033816425,0.9065420560747663,4.031784730687615
54,class_054,100,0.8653846153846154,0.7909090909090909,0.9,0.87,3.0000000000000027,0.8823529411764706,0.8285714285714286,5.378151260504193
55,class_055,100,0.5555555555555556,0.5043478260869565,0.6,0.58,2.0000000000000018,0.5769230769230769,0.5395348837209303,3.738819320214659
56,class_056,100,0.9117647058823529,0.91,0.93,0.91,2.0000000000000018,0.9207920792079208,0.91,1.0792079207920802
57,class_057,100,0.8282828282828283,0.851063829787234,0.82,0.8,1.9999999999999907,0.8241206030150754,0.8247422680412371,-0.06216650261616774
58,class_058,100,0.9313725490196079,0.9019607843137255,0.95,0.92,2.9999999999999916,0.9405940594059405,0.9108910891089109,2.970297029702962
59,class_059,100,0.782608695652174,0.6923076923076923,0.72,0.63,8.999999999999996,0.75,0.6596858638743456,9.031413612565443
60,class_060,100,0.8425925925925926,0.8349514563106796,0.91,0.86,5.000000000000004,0.875,0.8472906403940886,2.7709359605911366
61,class_061,100,0.7788461538461539,0.7666666666666667,0.81,0.69,12.00000000000001,0.7941176470588235,0.7263157894736842,6.780185758513923
62,class_062,100,0.8723404255319149,0.7475728155339806,0.82,0.77,4.999999999999993,0.845360824742268,0.7586206896551724,8.674013508709566
63,class_063,100,0.8765432098765432,0.7473684210526316,0.71,0.71,0.0,0.7845303867403315,0.7282051282051282,5.632525853520331
64,class_064,100,0.7951807228915663,0.6744186046511628,0.66,0.58,8.000000000000007,0.7213114754098361,0.6236559139784946,9.765556143134146
65,class_065,100,0.6607142857142857,0.6764705882352942,0.74,0.69,5.000000000000004,0.6981132075471698,0.6831683168316832,1.4944890715486547
66,class_066,100,0.8411214953271028,0.8557692307692307,0.9,0.89,1.0000000000000009,0.8695652173913043,0.8725490196078431,-0.2983802216538822
67,class_067,100,0.8105263157894737,0.6914893617021277,0.77,0.65,12.0,0.7897435897435897,0.6701030927835051,11.96404969600846
68,class_068,100,0.8990825688073395,0.941747572815534,0.98,0.97,1.0000000000000009,0.937799043062201,0.9556650246305419,-1.786598156834096
69,class_069,100,0.8936170212765957,0.9130434782608695,0.84,0.84,0.0,0.865979381443299,0.875,-0.9020618556700999
70,class_070,100,0.85,0.7543859649122807,0.85,0.86,-1.0000000000000009,0.85,0.8037383177570093,4.626168224299065
71,class_071,100,0.8018867924528302,0.7889908256880734,0.85,0.86,-1.0000000000000009,0.8252427184466019,0.8229665071770335,0.2276211269568451
72,class_072,100,0.5631067961165048,0.6020408163265306,0.58,0.59,-1.0000000000000009,0.5714285714285714,0.5959595959595959,-2.4531024531024515
73,class_073,100,0.6915887850467289,0.5714285714285714,0.74,0.68,5.999999999999995,0.714975845410628,0.6210045662100456,9.397127920058235
74,class_074,100,0.6842105263157895,0.5887850467289719,0.65,0.63,2.0000000000000018,0.6666666666666666,0.6086956521739131,5.797101449275354
75,class_075,100,0.9134615384615384,0.90625,0.95,0.87,7.9999999999999964,0.9313725490196079,0.8877551020408163,4.361744697879155
76,class_076,100,0.9038461538461539,0.9038461538461539,0.94,0.94,0.0,0.9215686274509803,0.9215686274509803,0.0
77,class_077,100,0.7211538461538461,0.7777777777777778,0.75,0.77,-2.0000000000000018,0.7352941176470589,0.7738693467336684,-3.8575229086609486
78,class_078,100,0.7526881720430108,0.6907216494845361,0.7,0.67,2.9999999999999916,0.7253886010362695,0.6802030456852792,4.518555535099022
79,class_079,100,0.8090909090909091,0.8113207547169812,0.89,0.86,3.0000000000000027,0.8476190476190476,0.8349514563106796,1.2667591308368031
80,class_080,100,0.8229166666666666,0.7291666666666666,0.79,0.7,9.000000000000007,0.8061224489795918,0.7142857142857143,9.183673469387754
81,class_081,100,0.7980769230769231,0.7692307692307693,0.83,0.8,2.9999999999999916,0.8137254901960784,0.7843137254901961,2.941176470588236
82,class_082,100,0.9405940594059405,0.9411764705882353,0.95,0.96,-1.0000000000000009,0.945273631840796,0.9504950495049505,-0.5221417664154404
83,class_083,100,0.8058252427184466,0.8241758241758241,0.83,0.75,7.9999999999999964,0.8177339901477833,0.7853403141361257,3.2393676011657546
84,class_084,100,0.8387096774193549,0.7731958762886598,0.78,0.75,3.0000000000000027,0.8082901554404145,0.7614213197969543,4.686883564346022
85,class_085,100,0.9239130434782609,0.9090909090909091,0.85,0.9,-5.000000000000004,0.8854166666666666,0.9045226130653267,-1.9105946398660034
86,class_086,100,0.8791208791208791,0.8953488372093024,0.8,0.77,3.0000000000000027,0.837696335078534,0.8279569892473119,0.9739345831222157
87,class_087,100,0.8333333333333334,0.8518518518518519,0.95,0.92,2.9999999999999916,0.8878504672897196,0.8846153846153846,0.32350826743350325
88,class_088,100,0.9375,0.8709677419354839,0.9,0.81,8.999999999999996,0.9183673469387755,0.8393782383419689,7.898910859680663
89,class_089,100,0.91,0.8518518518518519,0.91,0.92,-1.0000000000000009,0.91,0.8846153846153846,2.538461538461545
90,class_090,100,0.8787878787878788,0.8,0.87,0.84,3.0000000000000027,0.8743718592964824,0.8195121951219512,5.485966417453126
91,class_091,100,0.8070175438596491,0.8108108108108109,0.92,0.9,2.0000000000000018,0.8598130841121495,0.8530805687203792,0.6732515391770333
92,class_092,100,0.7428571428571429,0.75,0.78,0.72,6.000000000000005,0.7609756097560976,0.7346938775510204,2.6281732205077124
93,class_093,100,0.7865168539325843,0.7816091954022989,0.7,0.68,1.9999999999999907,0.7407407407407407,0.7272727272727273,1.3468013468013407
94,class_094,100,0.9326923076923077,0.8942307692307693,0.97,0.93,3.9999999999999925,0.9509803921568627,0.9117647058823529,3.9215686274509776
95,class_095,100,0.7714285714285715,0.7731958762886598,0.81,0.75,6.000000000000005,0.7902439024390244,0.7614213197969543,2.882258264207016
96,class_096,100,0.6944444444444444,0.696969696969697,0.75,0.69,6.000000000000005,0.7211538461538461,0.6934673366834171,2.7686509470429055
97,class_097,100,0.9111111111111111,0.84,0.82,0.84,-2.0000000000000018,0.8631578947368421,0.84,2.3157894736842155
98,class_098,100,0.5916666666666667,0.5909090909090909,0.71,0.52,18.999999999999993,0.6454545454545455,0.5531914893617021,9.226305609284335
99,class_099,100,0.7747747747747747,0.7083333333333334,0.86,0.85,1.0000000000000009,0.8151658767772512,0.7727272727272727,4.243860404997846
