epoch,learning_rate,train_loss,train_top1,train_samples,val_loss,val_top1,val_samples
1,0.15,1.6724064936108058,40.28666666666667,45000,1.3860768356323243,51.28,5000
2,0.14999074743612453,1.2133619315889146,56.224444444444444,45000,0.9708286096572876,66.36,5000
3,0.14996299202742985,1.0244901679144964,63.437777777777775,45000,0.8082980399131775,70.76,5000
4,0.14991674062214774,0.9068770990689595,67.80222222222223,45000,0.7690696302413941,72.78,5000
5,0.14985200463212037,0.8173599619547526,71.14444444444445,45000,0.6910420470237731,75.72,5000
6,0.1497688000299846,0.7541838475651211,73.52,45000,0.6068959035396576,78.64,5000
7,0.149667147345231,0.7066083393520779,74.91333333333333,45000,0.5811159139156341,79.76,5000
8,0.1495470716591385,0.6617813624117109,76.74444444444444,45000,0.608194956111908,78.86,5000
9,0.14940860259858585,0.6380895444022284,77.65777777777778,45000,0.46505669016838075,83.68,5000
10,0.14925177432874182,0.6095399829122755,78.65777777777778,45000,0.5250978633284569,81.98,5000
11,0.14907662554463533,0.5819409321202172,79.61333333333333,45000,0.5899730726957321,79.96,5000
12,0.14888319946160802,0.568561758465237,80.1288888888889,45000,0.503159317612648,83.0,5000
13,0.14867154380465164,0.552093130683899,80.73555555555555,45000,0.4233001302242279,85.26,5000
14,0.1484417107966324,0.5354129544681973,81.24222222222222,45000,0.44222219895124437,84.58,5000
15,0.14819375714540603,0.5225954364988539,81.56666666666666,45000,0.4137022885799408,85.58,5000
16,0.1479277440298257,0.5115959879663255,82.08,45000,0.38565014374256135,87.02,5000
17,0.1476437370846473,0.5043988446129692,82.24222222222222,45000,0.42501789062023165,85.26,5000
18,0.1473418063843348,0.488025008032057,82.94222222222223,45000,0.48322748336791993,82.42,5000
19,0.1470220264257707,0.4849053696738349,83.06888888888889,45000,0.4541859512209892,84.7,5000
20,0.14668447610987473,0.4754648538695441,83.56444444444445,45000,0.7378997793436051,77.52,5000
21,0.1463292387221365,0.4717440721564823,83.59777777777778,45000,0.40405251920223234,86.34,5000
22,0.14595640191206585,0.46111042386160955,83.92222222222222,45000,0.36401421976089476,87.4,5000
23,0.14556605767156686,0.4575728777991401,83.94888888888889,45000,0.41187517490386966,86.06,5000
24,0.14515830231224,0.45040218176841734,84.10444444444444,45000,0.44462680092006923,85.36,5000
25,0.14473323644161878,0.4433532521565755,84.37777777777778,45000,0.3826332003831863,87.34,5000
26,0.14429096493834642,0.44289913578033446,84.56444444444445,45000,0.40952405873835085,86.16,5000
27,0.1438315969262985,0.43287455909517075,84.95555555555555,45000,0.3854149711191654,86.94,5000
28,0.1433552457476583,0.42857954489390054,85.2,45000,0.4366185440123081,86.14,5000
29,0.14286202893495137,0.4291956723637051,84.87777777777778,45000,0.3826870235443115,86.54,5000
30,0.14235206818204607,0.42400491196314494,84.93333333333334,45000,0.36901134592294693,87.38,5000
31,0.1418254893141275,0.41083159351348875,85.36,45000,0.4228204814553261,85.6,5000
32,0.14128242225665194,0.4069020652770996,85.76222222222222,45000,0.42441897571086884,86.2,5000
33,0.1407230010032897,0.41300686435699463,85.50666666666666,45000,0.32471559895277025,88.82,5000
34,0.14014736358286428,0.40419005055427554,85.61777777777777,45000,0.3354573839955032,88.68,5000
35,0.1395556520252957,0.4055547499762641,85.86888888888889,45000,0.3915484889090061,87.18,5000
36,0.13894801232655685,0.39761173782348636,86.02,45000,0.3413462649106979,88.56,5000
37,0.13832459441265105,0.398067301914427,86.02444444444444,45000,0.3095376862049103,88.88,5000
38,0.13768555210262018,0.3910977506107754,86.22222222222223,45000,0.3528646310150623,87.84,5000
39,0.13703104307059202,0.38961144546932647,86.41333333333333,45000,0.4432773492574692,85.34,5000
40,0.13636122880687665,0.3834166334682041,86.35111111111111,45000,0.3056625641465187,89.68,5000
41,0.13567627457812095,0.3791779736889733,86.73777777777778,45000,0.33203437517881396,88.9,5000
42,0.1349763493865317,0.3799299795574612,86.7088888888889,45000,0.3998480112016201,86.9,5000
43,0.13426162592817664,0.37799932765430877,86.75555555555556,45000,0.3604511320710182,87.86,5000
44,0.1335322805503746,0.37078274648454457,87.09777777777778,45000,0.3758927005067468,87.66,5000
45,0.13278849320818406,0.3718517155117459,87.07555555555555,45000,0.34200639016628265,88.34,5000
46,0.1320304474200022,0.36774211405118307,87.08444444444444,45000,0.3272132747903466,89.02,5000
47,0.13125833022228434,0.36369631526205276,87.17333333333333,45000,0.3986390968084335,87.6,5000
48,0.13047233212339557,0.36200827844937644,87.31333333333333,45000,0.2945083212852478,89.94,5000
49,0.12967264705660572,0.361500234386656,87.17111111111112,45000,0.33704537107646465,88.78,5000
50,0.12885947233223902,0.358031484301885,87.34444444444445,45000,0.27883577688336375,90.6,5000
51,0.12803300858899092,0.3518797749625312,87.73333333333333,45000,0.3252422915190458,88.88,5000
52,0.12719345974442342,0.35443851387765674,87.58222222222223,45000,0.39644415146484974,87.28,5000
53,0.12634103294465152,0.3517527514404721,87.58,45000,0.3760156367123127,87.78,5000
54,0.12547593851323285,0.3435529208925035,87.97555555555556,45000,0.32314705687724055,88.86,5000
55,0.12459838989927374,0.3468071240848965,87.91555555555556,45000,0.2743206009089947,90.52,5000
56,0.12370860362476363,0.34312417425579494,87.96888888888888,45000,0.3929247190468013,87.26,5000
57,0.12280679923115158,0.33865922180281743,88.20444444444445,45000,0.36565730973780153,88.18,5000
58,0.12189319922517775,0.33347688060336644,88.28222222222222,45000,0.2783727142810822,91.12,5000
59,0.12096802902397309,0.3335909268538157,88.40666666666667,45000,0.34466623141765595,88.8,5000
60,0.12003151689944115,0.3325655523194207,88.27333333333333,45000,0.3421483268678188,88.44,5000
61,0.11908389392193534,0.32348208316697014,88.62,45000,0.2822819725960493,90.58,5000
62,0.11812539390324575,0.3207404266887241,88.71111111111111,45000,0.32704202033355834,89.1,5000
63,0.11715625333890967,0.32393583658536274,88.39777777777778,45000,0.38840678668022155,87.24,5000
64,0.11617671134985974,0.32013213681115044,88.57111111111111,45000,0.2741962912559509,90.9,5000
65,0.1151870096234246,0.3209929452843136,88.61111111111111,45000,0.26516559080556035,90.76,5000
66,0.11418739235369602,0.31542699326409235,89.08444444444444,45000,0.28275977831333876,90.58,5000
67,0.1131781061812777,0.32180475357903376,88.49777777777778,45000,0.29048235287442803,90.68,5000
68,0.11215940013243043,0.3130819950156742,88.86444444444444,45000,0.27303340229690076,91.12,5000
69,0.1111315255576285,0.3033556108183331,89.30888888888889,45000,0.3643069050371647,88.52,5000
70,0.11009473606954287,0.31343941533830433,88.97777777777777,45000,0.32323513647317886,89.16,5000
71,0.10904928748046587,0.3035729629993439,89.28888888888889,45000,0.2696149244531989,91.24,5000
72,0.10799543773919348,0.3025204886436462,89.22666666666667,45000,0.2752972634315491,90.7,5000
73,0.10693344686738032,0.29968253343370227,89.45333333333333,45000,0.2815379949755967,90.54,5000
74,0.10586357689538303,0.3016660333103604,89.31333333333333,45000,0.2613891435787082,91.48,5000
75,0.10478609179760841,0.29586068341996935,89.47333333333333,45000,0.2607814987152815,91.36,5000
76,0.10370125742738161,0.28977167093488904,89.79777777777778,45000,0.2755400333315134,91.04,5000
77,0.10260934145135073,0.29383560800552366,89.62222222222222,45000,0.2608614320755005,91.44,5000
78,0.10151061328344416,0.2886502589729097,89.75555555555556,45000,0.3439481081441045,88.98,5000
79,0.10040534401839674,0.29205517394807606,89.71333333333334,45000,0.2661174658715725,91.0,5000
80,0.09929380636486108,0.28456894272698297,90.01555555555555,45000,0.333879898712039,89.32,5000
81,0.09817627457812093,0.2813016815291511,90.14444444444445,45000,0.2973314258515835,89.88,5000
82,0.09705302439242268,0.2825078632142809,89.98444444444445,45000,0.3157913719408214,89.88,5000
83,0.09592433295294209,0.275015711429384,90.34444444444445,45000,0.29288685586452484,90.58,5000
84,0.09479047874740285,0.275189316283332,90.27111111111111,45000,0.2790831956215203,91.32,5000
85,0.09365174153736398,0.2724114929993947,90.22444444444444,45000,0.2751615958774462,90.92,5000
86,0.09250840228919281,0.2724778465827306,90.46888888888888,45000,0.24792617807872594,92.14,5000
87,0.0913607431047406,0.2650642735375298,90.7311111111111,45000,0.26599621757268904,90.92,5000
88,0.09020904715173834,0.27295892607371014,90.2688888888889,45000,0.2595489241361618,91.76,5000
89,0.08905359859392926,0.26396243686411114,90.61777777777777,45000,0.26897700368463995,91.54,5000
90,0.08789468252095561,0.2663865593804253,90.61111111111111,45000,0.267287439930439,91.14,5000
91,0.08673258487801723,0.2634713845094045,90.56666666666666,45000,0.2763584368467331,91.32,5000
92,0.08556759239531862,0.2590612860361735,90.79555555555555,45000,0.3031237100750208,90.4,5000
93,0.08439999251732275,0.2581968498547872,90.94444444444444,45000,0.25706104016005993,91.78,5000
94,0.08323007333182832,0.25494327760272556,91.07555555555555,45000,0.24472951424233616,92.06,5000
95,0.0820581234988885,0.25218872260517544,91.10222222222222,45000,0.2510265573233366,92.12,5000
96,0.0808844321795883,0.2532796488682429,91.11555555555556,45000,0.2648801873922348,91.46,5000
97,0.07970928896469844,0.25005249174965755,91.07111111111111,45000,0.2798737240578979,90.96,5000
98,0.07853298380322311,0.248399675877889,91.19333333333333,45000,0.21511924257948994,92.8,5000
99,0.07735580693085954,0.24383278419706556,91.48444444444445,45000,0.2819603069279343,91.68,5000
100,0.07617804879838647,0.2415035738627116,91.42666666666666,45000,0.25421698069274423,91.82,5000
101,0.07499999999999991,0.2350995744943619,91.69333333333333,45000,0.23724659627526998,92.16,5000
102,0.07382195120161338,0.2343431037373013,91.77111111111111,45000,0.24923988845348358,91.58,5000
103,0.07264419306914029,0.23543935509787667,91.74,45000,0.26312211006879804,91.82,5000
104,0.07146701619677671,0.236855748685201,91.68666666666667,45000,0.23903534102635457,92.34,5000
105,0.0702907110353014,0.2224414591577318,92.19111111111111,45000,0.27004408933864904,91.54,5000
106,0.06911556782041155,0.22786513464185926,91.9088888888889,45000,0.2543115681141615,92.24,5000
107,0.06794187650111133,0.22635410290824043,91.94,45000,0.24524202963113784,92.38,5000
108,0.06676992666817151,0.2218738672680325,92.11111111111111,45000,0.2809768265008926,91.66,5000
109,0.0656000074826771,0.21592620205349392,92.33777777777777,45000,0.25515350116277113,92.32,5000
110,0.06443240760468123,0.21487641588846842,92.29555555555555,45000,0.23999066527485846,92.38,5000
111,0.0632674151219826,0.21581116993162366,92.4,45000,0.23290354881584643,92.66,5000
112,0.06210531747904419,0.2114135159307056,92.54222222222222,45000,0.24972128781229258,92.12,5000
113,0.06094640140607058,0.21263276066250272,92.56888888888889,45000,0.23692821809500456,92.18,5000
114,0.0597909528482615,0.20412833162413704,92.73333333333333,45000,0.23876397046167402,92.86,5000
115,0.058639256895259256,0.20411968766848246,92.74222222222222,45000,0.23028665875196458,92.38,5000
116,0.057491597710807016,0.20526315064695147,92.7088888888889,45000,0.24068355843909084,92.26,5000
117,0.05634825846263582,0.19218147037823996,93.12,45000,0.26591134399641303,92.1,5000
118,0.05520952125259696,0.19419938702318404,93.17333333333333,45000,0.23728277385309338,93.0,5000
119,0.05407566704705774,0.19807362553278604,93.06888888888889,45000,0.2237196166338399,92.78,5000
120,0.05294697560757714,0.19526085170374977,92.94,45000,0.25593681414164604,92.3,5000
121,0.0518237254218789,0.18761707051330143,93.33111111111111,45000,0.2399923491277732,92.94,5000
122,0.05070619363513872,0.18228553562164307,93.59555555555555,45000,0.2154583338484168,92.9,5000
123,0.049594655981603085,0.18289961287445491,93.46888888888888,45000,0.23556786426603793,93.26,5000
124,0.048489386716555664,0.1769878296666675,93.86222222222223,45000,0.22332867440627888,93.12,5000
125,0.04739065854864911,0.1800702079296112,93.60222222222222,45000,0.22633088219845668,92.84,5000
126,0.04629874257261822,0.17561166990068225,93.88666666666667,45000,0.21263170701414347,93.82,5000
127,0.04521390820239138,0.17183443333572812,93.88,45000,0.2722932942345738,91.78,5000
128,0.04413642310461678,0.16581123668087852,94.13333333333334,45000,0.2781742921948433,91.62,5000
129,0.04306655313261949,0.164864949160152,94.22444444444444,45000,0.1941925191834569,93.66,5000
130,0.0420045622608063,0.1564915747086207,94.48666666666666,45000,0.22034407109878956,93.38,5000
131,0.04095071251953394,0.16167499689526027,94.17555555555556,45000,0.21373003406971694,93.76,5000
132,0.03990526393045695,0.1620571384575632,94.27111111111111,45000,0.21288284979760647,93.64,5000
133,0.038868474442371286,0.1584127628273434,94.33111111111111,45000,0.2312757917881012,92.98,5000
134,0.03784059986756937,0.15379639015197755,94.55111111111111,45000,0.22594864894151687,93.54,5000
135,0.0368218938187221,0.15566117125352225,94.50444444444445,45000,0.21542008865498938,93.84,5000
136,0.035812607646303785,0.144368115901947,94.92,45000,0.20698730883710087,94.26,5000
137,0.034812990376575176,0.14611138158109452,94.81333333333333,45000,0.2126619451969862,93.84,5000
138,0.03382328865014005,0.14799319048457676,94.83555555555556,45000,0.24697243976071476,92.68,5000
139,0.03284374666109014,0.13481544740994772,95.30666666666667,45000,0.20879354386478663,94.24,5000
140,0.03187460609675405,0.1368797464105818,95.06666666666666,45000,0.2022826868155971,93.96,5000
141,0.030916106078064467,0.14166311801407072,94.94888888888889,45000,0.20487814240008592,94.1,5000
142,0.029968483100558652,0.13335427932805485,95.32666666666667,45000,0.2238249235380441,93.52,5000
143,0.0290319709760267,0.12784641606277888,95.44222222222223,45000,0.19820266093490646,94.46,5000
144,0.02810680077482206,0.12586023683018155,95.56,45000,0.22343517444687896,93.82,5000
145,0.02719320076884822,0.12577978196938833,95.52222222222223,45000,0.20842090588239953,94.24,5000
146,0.026291396375236184,0.1209880832751592,95.7311111111111,45000,0.19969849378862417,94.54,5000
147,0.025401610100726075,0.11736580550405715,95.8,45000,0.19991974723837339,94.44,5000
148,0.02452406148676695,0.11298555575476753,95.92444444444445,45000,0.18651223975028844,94.94,5000
149,0.023658967055348305,0.1124353933400578,96.03777777777778,45000,0.20097221742719412,94.2,5000
150,0.02280654025557639,0.11067958994441562,96.21111111111111,45000,0.18595867053151596,94.68,5000
151,0.021966991411008906,0.1080730626159244,96.24444444444444,45000,0.1790501383908093,94.78,5000
152,0.021140527667760815,0.10242224891848034,96.44888888888889,45000,0.19641350427186116,94.22,5000
153,0.02032735294339412,0.10002813575930065,96.57777777777778,45000,0.19414945885069318,94.44,5000
154,0.019527667876604236,0.0978145869731903,96.57333333333334,45000,0.187303788969398,94.86,5000
155,0.018741669777715502,0.0965509163538615,96.67111111111112,45000,0.17424892161488534,95.26,5000
156,0.017969552579997654,0.09518067461649576,96.7688888888889,45000,0.18847561655156314,94.42,5000
157,0.017211506791815788,0.09180970927079518,96.83555555555556,45000,0.17652399306846783,95.18,5000
158,0.016467719449625256,0.08873737817340427,96.79333333333334,45000,0.16937239544295007,95.08,5000
159,0.015738374071823193,0.0887806650923358,96.83111111111111,45000,0.17958013262444875,94.82,5000
160,0.015023650613468182,0.08498107878234651,96.95333333333333,45000,0.17140125208711252,95.06,5000
161,0.014323725421878927,0.08565121806065241,96.93777777777778,45000,0.18367733837608247,94.76,5000
162,0.013638771193123232,0.08471009340551164,97.1,45000,0.17884129015095532,94.84,5000
163,0.012968956929407851,0.08008417586154408,97.17777777777778,45000,0.18376861440185457,94.78,5000
164,0.012314447897379727,0.0719711383925544,97.52444444444444,45000,0.18729300570089252,94.96,5000
165,0.011675405587348867,0.07398876194953918,97.48444444444445,45000,0.16887527317516507,95.28,5000
166,0.011051987673443087,0.07590139104194112,97.28444444444445,45000,0.17864472528044134,95.12,5000
167,0.010444347974704202,0.06770092212027974,97.67333333333333,45000,0.17739699531150982,95.26,5000
168,0.009852636417135636,0.06275156919426388,97.87555555555555,45000,0.18118868651902303,95.02,5000
169,0.009276998996710216,0.06494191063774957,97.65555555555555,45000,0.1781185217340826,95.2,5000
170,0.008717577743347976,0.06536924975448184,97.73777777777778,45000,0.1740616114246426,95.08,5000
171,0.008174510685872403,0.058058198992742435,97.98,45000,0.17583552924962714,95.36,5000
172,0.007647931817953823,0.06373320222960578,97.8,45000,0.17751957693607545,95.14,5000
173,0.007137971065048537,0.060124436197015976,97.94888888888889,45000,0.17240645151835635,95.3,5000
174,0.0066447542523416095,0.05498730373051432,98.21555555555555,45000,0.17707778888700995,95.46,5000
175,0.006168403073701422,0.05855910177495745,97.9888888888889,45000,0.17302764863155898,95.46,5000
176,0.005709035061653502,0.053658753877215914,98.20666666666666,45000,0.1738813123190601,95.58,5000
177,0.005266763558381141,0.05360887289709515,98.23777777777778,45000,0.17852442386497278,95.26,5000
178,0.004841697687759939,0.050635430807537504,98.29333333333334,45000,0.1774412104125484,95.44,5000
179,0.004433942328433084,0.05138461258014043,98.22888888888889,45000,0.17146398930124707,95.54,5000
180,0.0040435980879340964,0.050282151138782503,98.26666666666667,45000,0.16706685396234972,95.5,5000
181,0.0036707612778634794,0.049885354452663,98.25555555555556,45000,0.17004140788172373,95.56,5000
182,0.003315523890125236,0.047596880292892454,98.42,45000,0.1763811220759584,95.42,5000
183,0.002977973574229274,0.04597453762690226,98.47333333333333,45000,0.17334281814710703,95.56,5000
184,0.0026581936156651487,0.04516866689655516,98.45555555555555,45000,0.17253895406291123,95.58,5000
185,0.0023562629153526743,0.046490725708670085,98.39555555555556,45000,0.1712512635475723,95.6,5000
186,0.0020722559701742554,0.04459320767190721,98.44222222222223,45000,0.16832202758211642,95.58,5000
187,0.0018062428545939483,0.046770262512895795,98.38666666666667,45000,0.171395905386901,95.6,5000
188,0.0015582892033675585,0.0435214185277621,98.60444444444444,45000,0.16780399214627686,95.7,5000
189,0.0013284561953483443,0.0440195787443055,98.50888888888889,45000,0.1690722431284201,95.44,5000
190,0.0011168005383919584,0.04190523009565141,98.54888888888888,45000,0.17131097630923614,95.62,5000
191,0.0009233744553646744,0.04379848419759009,98.56888888888889,45000,0.17409887375409017,95.58,5000
192,0.0007482256712581838,0.04064886762433582,98.59555555555555,45000,0.1699213106356794,95.58,5000
193,0.000591397401414167,0.042950182375642985,98.57111111111111,45000,0.17046088781946456,95.6,5000
194,0.0004529283408615298,0.041608387396070694,98.58,45000,0.1725857044396922,95.58,5000
195,0.0003328526547689999,0.04247351325220532,98.51333333333334,45000,0.172187529277103,95.58,5000
196,0.00023119997001540244,0.04181531486262878,98.58888888888889,45000,0.17145724848682295,95.62,5000
197,0.0001479953678796329,0.042990490396155254,98.57555555555555,45000,0.1708516784485313,95.56,5000
198,8.325937785225713e-05,0.0413750047147274,98.69777777777777,45000,0.17306184684365872,95.5,5000
199,3.7007972570129954e-05,0.04391407824655374,98.49777777777778,45000,0.1718380157711217,95.6,5000
200,9.252563875455911e-06,0.042495513800448845,98.52444444444444,45000,0.172860267297714,95.58,5000
