dataset,class_id,label
cifar10,0,airplane
cifar10,1,automobile
cifar10,2,bird
cifar10,3,cat
cifar10,4,deer
cifar10,5,dog
cifar10,6,frog
cifar10,7,horse
cifar10,8,ship
cifar10,9,truck
cifar100,0,class_000
cifar100,1,class_001
cifar100,2,class_002
cifar100,3,class_003
cifar100,4,class_004
cifar100,5,class_005
cifar100,6,class_006
cifar100,7,class_007
cifar100,8,class_008
cifar100,9,class_009
cifar100,10,class_010
cifar100,11,class_011
cifar100,12,class_012
cifar100,13,class_013
cifar100,14,class_014
cifar100,15,class_015
cifar100,16,class_016
cifar100,17,class_017
cifar100,18,class_018
cifar100,19,class_019
cifar100,20,class_020
cifar100,21,class_021
cifar100,22,class_022
cifar100,23,class_023
cifar100,24,class_024
cifar100,25,class_025
cifar100,26,class_026
cifar100,27,class_027
cifar100,28,class_028
cifar100,29,class_029
cifar100,30,class_030
cifar100,31,class_031
cifar100,32,class_032
cifar100,33,class_033
cifar100,34,class_034
cifar100,35,class_035
cifar100,36,class_036
cifar100,37,class_037
cifar100,38,class_038
cifar100,39,class_039
cifar100,40,class_040
cifar100,41,class_041
cifar100,42,class_042
cifar100,43,class_043
cifar100,44,class_044
cifar100,45,class_045
cifar100,46,class_046
cifar100,47,class_047
cifar100,48,class_048
cifar100,49,class_049
cifar100,50,class_050
cifar100,51,class_051
cifar100,52,class_052
cifar100,53,class_053
cifar100,54,class_054
cifar100,55,class_055
cifar100,56,class_056
cifar100,57,class_057
cifar100,58,class_058
cifar100,59,class_059
cifar100,60,class_060
cifar100,61,class_061
cifar100,62,class_062
cifar100,63,class_063
cifar100,64,class_064
cifar100,65,class_065
cifar100,66,class_066
cifar100,67,class_067
cifar100,68,class_068
cifar100,69,class_069
cifar100,70,class_070
cifar100,71,class_071
cifar100,72,class_072
cifar100,73,class_073
cifar100,74,class_074
cifar100,75,class_075
cifar100,76,class_076
cifar100,77,class_077
cifar100,78,class_078
cifar100,79,class_079
cifar100,80,class_080
cifar100,81,class_081
cifar100,82,class_082
cifar100,83,class_083
cifar100,84,class_084
cifar100,85,class_085
cifar100,86,class_086
cifar100,87,class_087
cifar100,88,class_088
cifar100,89,class_089
cifar100,90,class_090
cifar100,91,class_091
cifar100,92,class_092
cifar100,93,class_093
cifar100,94,class_094
cifar100,95,class_095
cifar100,96,class_096
cifar100,97,class_097
cifar100,98,class_098
cifar100,99,class_099
