run_name,variant,recipe,file,size_bytes,source_sha256,copied_sha256,source_path,copied_path
l_mid32_baseline,Mid32,baseline,best_val.pt,4477425,61b4fb3d4edced38a27ba76e03c0bb7c68ad03f8ecd32dbe837b60d4fb9cf5cd,61b4fb3d4edced38a27ba76e03c0bb7c68ad03f8ecd32dbe837b60d4fb9cf5cd,runs/l_mid32_baseline/best_val.pt,checkpoints/l_mid32_baseline/best_val.pt
l_mid32_baseline,Mid32,baseline,last.pt,13425771,439c4d21ae966bfa5a7f3f04456324a8b4aa2e79800a771117caa39c4f7a30e4,439c4d21ae966bfa5a7f3f04456324a8b4aa2e79800a771117caa39c4f7a30e4,runs/l_mid32_baseline/last.pt,checkpoints/l_mid32_baseline/last.pt
l_mid32_baseline,Mid32,baseline,config.json,3483,3b649ab63ca98d978eb3b3ca00f167dff2857b7b1f482fa816106e324ec98778,3b649ab63ca98d978eb3b3ca00f167dff2857b7b1f482fa816106e324ec98778,runs/l_mid32_baseline/config.json,checkpoints/l_mid32_baseline/config.json
l_mid32_baseline,Mid32,baseline,epochs.csv,19581,5c5fdb2fa0ba1bcb54f7461940c1e942d0c4305c23b9772d90e94f434f2b4c44,5c5fdb2fa0ba1bcb54f7461940c1e942d0c4305c23b9772d90e94f434f2b4c44,runs/l_mid32_baseline/epochs.csv,checkpoints/l_mid32_baseline/epochs.csv
l_mid32_baseline,Mid32,baseline,validation_split.json,1050128,c45bb214c4d9cc0ace675b00647f17a82f6f62326263f7b1d05dc462d01cfa71,c45bb214c4d9cc0ace675b00647f17a82f6f62326263f7b1d05dc462d01cfa71,runs/l_mid32_baseline/validation_split.json,checkpoints/l_mid32_baseline/validation_split.json
l_mid32_smoothing005,Mid32,smoothing005,best_val.pt,4477425,02872a71a4f1ab3955263420277cfb730d7a6414e26ca189c9c7db3ad4cbfe70,02872a71a4f1ab3955263420277cfb730d7a6414e26ca189c9c7db3ad4cbfe70,runs/l_mid32_smoothing005/best_val.pt,checkpoints/l_mid32_smoothing005/best_val.pt
l_mid32_smoothing005,Mid32,smoothing005,last.pt,13425771,2ce3327e0ce737cd4d2a800dd900ed2ae2d10583ee3474f2921b329ab70a5d62,2ce3327e0ce737cd4d2a800dd900ed2ae2d10583ee3474f2921b329ab70a5d62,runs/l_mid32_smoothing005/last.pt,checkpoints/l_mid32_smoothing005/last.pt
l_mid32_smoothing005,Mid32,smoothing005,config.json,3488,cc6c5687772e1a1f0a49469092e8b0610647c3f1f42645cb16a8a3db0928d962,cc6c5687772e1a1f0a49469092e8b0610647c3f1f42645cb16a8a3db0928d962,runs/l_mid32_smoothing005/config.json,checkpoints/l_mid32_smoothing005/config.json
l_mid32_smoothing005,Mid32,smoothing005,epochs.csv,19519,6f8cee683f78ef435673fd1d59a7ce75ef96ac9c6378aa506bb600d391a19b2f,6f8cee683f78ef435673fd1d59a7ce75ef96ac9c6378aa506bb600d391a19b2f,runs/l_mid32_smoothing005/epochs.csv,checkpoints/l_mid32_smoothing005/epochs.csv
l_mid32_smoothing005,Mid32,smoothing005,validation_split.json,1050128,c45bb214c4d9cc0ace675b00647f17a82f6f62326263f7b1d05dc462d01cfa71,c45bb214c4d9cc0ace675b00647f17a82f6f62326263f7b1d05dc462d01cfa71,runs/l_mid32_smoothing005/validation_split.json,checkpoints/l_mid32_smoothing005/validation_split.json
l_mid32_smoothing010,Mid32,smoothing010,best_val.pt,4477425,0d09669f7977ed7eeb0b3c6bf39cfe484ce341d2836bf9bfef1bcb67ffdfdc6d,0d09669f7977ed7eeb0b3c6bf39cfe484ce341d2836bf9bfef1bcb67ffdfdc6d,runs/l_mid32_smoothing010/best_val.pt,checkpoints/l_mid32_smoothing010/best_val.pt
l_mid32_smoothing010,Mid32,smoothing010,last.pt,13425771,203f145e70d4cb5b02a22e9a09b7e99292c6176f43554f942d0f44800a335dc9,203f145e70d4cb5b02a22e9a09b7e99292c6176f43554f942d0f44800a335dc9,runs/l_mid32_smoothing010/last.pt,checkpoints/l_mid32_smoothing010/last.pt
l_mid32_smoothing010,Mid32,smoothing010,config.json,3487,b00cf800a9b2d6139017ed11b007cb94f71167b6182b1ada2cf4881b746d96be,b00cf800a9b2d6139017ed11b007cb94f71167b6182b1ada2cf4881b746d96be,runs/l_mid32_smoothing010/config.json,checkpoints/l_mid32_smoothing010/config.json
l_mid32_smoothing010,Mid32,smoothing010,epochs.csv,19295,db54ef91f499749cee84fbd6c8a56a16dbcf5e746462dfc78fe8f44327b6c421,db54ef91f499749cee84fbd6c8a56a16dbcf5e746462dfc78fe8f44327b6c421,runs/l_mid32_smoothing010/epochs.csv,checkpoints/l_mid32_smoothing010/epochs.csv
l_mid32_smoothing010,Mid32,smoothing010,validation_split.json,1050128,c45bb214c4d9cc0ace675b00647f17a82f6f62326263f7b1d05dc462d01cfa71,c45bb214c4d9cc0ace675b00647f17a82f6f62326263f7b1d05dc462d01cfa71,runs/l_mid32_smoothing010/validation_split.json,checkpoints/l_mid32_smoothing010/validation_split.json
l_mid32_lr005,Mid32,lr005,best_val.pt,4477425,7132ef52f76719bca8fac30530afe5887bf61b7d1b867699412ad997644ea797,7132ef52f76719bca8fac30530afe5887bf61b7d1b867699412ad997644ea797,runs/l_mid32_lr005/best_val.pt,checkpoints/l_mid32_lr005/best_val.pt
l_mid32_lr005,Mid32,lr005,last.pt,13425771,25e0aa0e578805c4728c1e0510cc7949be6d75dc54ce37ec979c3ba89d65b5a0,25e0aa0e578805c4728c1e0510cc7949be6d75dc54ce37ec979c3ba89d65b5a0,runs/l_mid32_lr005/last.pt,checkpoints/l_mid32_lr005/last.pt
l_mid32_lr005,Mid32,lr005,config.json,3474,99bcda38c0b55d31f3b68bb331d426b1388708787bab93f5b9f7c00bd73c78b6,99bcda38c0b55d31f3b68bb331d426b1388708787bab93f5b9f7c00bd73c78b6,runs/l_mid32_lr005/config.json,checkpoints/l_mid32_lr005/config.json
l_mid32_lr005,Mid32,lr005,epochs.csv,19775,93388a1697c74b33da05c211ee55c35923495cddd11c72be80651dac1e28a4a8,93388a1697c74b33da05c211ee55c35923495cddd11c72be80651dac1e28a4a8,runs/l_mid32_lr005/epochs.csv,checkpoints/l_mid32_lr005/epochs.csv
l_mid32_lr005,Mid32,lr005,validation_split.json,1050128,c45bb214c4d9cc0ace675b00647f17a82f6f62326263f7b1d05dc462d01cfa71,c45bb214c4d9cc0ace675b00647f17a82f6f62326263f7b1d05dc462d01cfa71,runs/l_mid32_lr005/validation_split.json,checkpoints/l_mid32_lr005/validation_split.json
l_mid32_lr015,Mid32,lr015,best_val.pt,4477425,90b7a870ac7a6b709e23fb6cbd88614d69955e6027f81e21e853ebcd803ec33c,90b7a870ac7a6b709e23fb6cbd88614d69955e6027f81e21e853ebcd803ec33c,runs/l_mid32_lr015/best_val.pt,checkpoints/l_mid32_lr015/best_val.pt
l_mid32_lr015,Mid32,lr015,last.pt,13425771,e6185294e09949853b6b79fe430ae8e550ce83195bdc537a28a66de93527747b,e6185294e09949853b6b79fe430ae8e550ce83195bdc537a28a66de93527747b,runs/l_mid32_lr015/last.pt,checkpoints/l_mid32_lr015/last.pt
l_mid32_lr015,Mid32,lr015,config.json,3474,67a7c56dc8053182179fe420d7800f971e7d3b14d7623b3b39824294279d1836,67a7c56dc8053182179fe420d7800f971e7d3b14d7623b3b39824294279d1836,runs/l_mid32_lr015/config.json,checkpoints/l_mid32_lr015/config.json
l_mid32_lr015,Mid32,lr015,epochs.csv,19590,0f1f1dfbe897c4c7783b2bc98e8ee363ca2712759eee6d1cc098b25d24e22646,0f1f1dfbe897c4c7783b2bc98e8ee363ca2712759eee6d1cc098b25d24e22646,runs/l_mid32_lr015/epochs.csv,checkpoints/l_mid32_lr015/epochs.csv
l_mid32_lr015,Mid32,lr015,validation_split.json,1050128,c45bb214c4d9cc0ace675b00647f17a82f6f62326263f7b1d05dc462d01cfa71,c45bb214c4d9cc0ace675b00647f17a82f6f62326263f7b1d05dc462d01cfa71,runs/l_mid32_lr015/validation_split.json,checkpoints/l_mid32_lr015/validation_split.json
l_mid224_baseline,Mid224,baseline,best_val.pt,4477425,3e265df13d32d2f610920ce3088b91703d4f88a95232a9ab1786a8bcaa21920b,3e265df13d32d2f610920ce3088b91703d4f88a95232a9ab1786a8bcaa21920b,runs/l_mid224_baseline/best_val.pt,checkpoints/l_mid224_baseline/best_val.pt
l_mid224_baseline,Mid224,baseline,last.pt,13427115,b38aebae2c0db8e37554c51216035da14233b82ac2009a709a6aa99f13e4a4db,b38aebae2c0db8e37554c51216035da14233b82ac2009a709a6aa99f13e4a4db,runs/l_mid224_baseline/last.pt,checkpoints/l_mid224_baseline/last.pt
l_mid224_baseline,Mid224,baseline,config.json,3492,352ac6d6567e141c2b6accff85ee8fea32e374884274a4f181d9cb94ede19545,352ac6d6567e141c2b6accff85ee8fea32e374884274a4f181d9cb94ede19545,runs/l_mid224_baseline/config.json,checkpoints/l_mid224_baseline/config.json
l_mid224_baseline,Mid224,baseline,epochs.csv,19721,3a70e1664df98b4029e947f5a9f35f71c2d403d6af7cedf335a43a0257493598,3a70e1664df98b4029e947f5a9f35f71c2d403d6af7cedf335a43a0257493598,runs/l_mid224_baseline/epochs.csv,checkpoints/l_mid224_baseline/epochs.csv
l_mid224_baseline,Mid224,baseline,validation_split.json,1050130,ad4c7bb304c4377d4d8a19bfb05031373c873eb26c34c1b4eff571f092c590c9,ad4c7bb304c4377d4d8a19bfb05031373c873eb26c34c1b4eff571f092c590c9,runs/l_mid224_baseline/validation_split.json,checkpoints/l_mid224_baseline/validation_split.json
l_mid224_smoothing005,Mid224,smoothing005,best_val.pt,4477489,8be7400d25a1db5b171ca7b274501b705008c3dd2f9cf71a295efa6fa8685134,8be7400d25a1db5b171ca7b274501b705008c3dd2f9cf71a295efa6fa8685134,runs/l_mid224_smoothing005/best_val.pt,checkpoints/l_mid224_smoothing005/best_val.pt
l_mid224_smoothing005,Mid224,smoothing005,last.pt,13425771,0499333e9b86834a089e00fedacbc769d820fb9ba360c3297aa62717aae33d36,0499333e9b86834a089e00fedacbc769d820fb9ba360c3297aa62717aae33d36,runs/l_mid224_smoothing005/last.pt,checkpoints/l_mid224_smoothing005/last.pt
l_mid224_smoothing005,Mid224,smoothing005,config.json,3501,c2ef0d28048c74b5739cc86f2b001c0534fc4e25832b7faff6d94a47dd43685c,c2ef0d28048c74b5739cc86f2b001c0534fc4e25832b7faff6d94a47dd43685c,runs/l_mid224_smoothing005/config.json,checkpoints/l_mid224_smoothing005/config.json
l_mid224_smoothing005,Mid224,smoothing005,epochs.csv,19411,682e540e329966ed163a64a360f418be1efb01b2b4cea0d1b210e9512c53f807,682e540e329966ed163a64a360f418be1efb01b2b4cea0d1b210e9512c53f807,runs/l_mid224_smoothing005/epochs.csv,checkpoints/l_mid224_smoothing005/epochs.csv
l_mid224_smoothing005,Mid224,smoothing005,validation_split.json,1050130,ad4c7bb304c4377d4d8a19bfb05031373c873eb26c34c1b4eff571f092c590c9,ad4c7bb304c4377d4d8a19bfb05031373c873eb26c34c1b4eff571f092c590c9,runs/l_mid224_smoothing005/validation_split.json,checkpoints/l_mid224_smoothing005/validation_split.json
l_mid224_smoothing010,Mid224,smoothing010,best_val.pt,4477489,b04a8ce0aecafc6626d54dbe132baddd7b2c2c193bfe6fd25710435d72cda5d2,b04a8ce0aecafc6626d54dbe132baddd7b2c2c193bfe6fd25710435d72cda5d2,runs/l_mid224_smoothing010/best_val.pt,checkpoints/l_mid224_smoothing010/best_val.pt
l_mid224_smoothing010,Mid224,smoothing010,last.pt,13425771,7adda8df75f8bcaa92a41f47a0f7a612331cce801dc0888cc12b283df2558864,7adda8df75f8bcaa92a41f47a0f7a612331cce801dc0888cc12b283df2558864,runs/l_mid224_smoothing010/last.pt,checkpoints/l_mid224_smoothing010/last.pt
l_mid224_smoothing010,Mid224,smoothing010,config.json,3500,1ad1f70c5b6efed141341dfc6f40dd88f14ff750892ec4bf81192d7ab157a1e0,1ad1f70c5b6efed141341dfc6f40dd88f14ff750892ec4bf81192d7ab157a1e0,runs/l_mid224_smoothing010/config.json,checkpoints/l_mid224_smoothing010/config.json
l_mid224_smoothing010,Mid224,smoothing010,epochs.csv,19483,d65f9feb39710380bdcc86d133709f194d8e243a048c1f8edd18c96e5b3f63b3,d65f9feb39710380bdcc86d133709f194d8e243a048c1f8edd18c96e5b3f63b3,runs/l_mid224_smoothing010/epochs.csv,checkpoints/l_mid224_smoothing010/epochs.csv
l_mid224_smoothing010,Mid224,smoothing010,validation_split.json,1050130,ad4c7bb304c4377d4d8a19bfb05031373c873eb26c34c1b4eff571f092c590c9,ad4c7bb304c4377d4d8a19bfb05031373c873eb26c34c1b4eff571f092c590c9,runs/l_mid224_smoothing010/validation_split.json,checkpoints/l_mid224_smoothing010/validation_split.json
l_mid224_lr005,Mid224,lr005,best_val.pt,4477425,27ed858125e29687a9f57722f3d6f5b9a1b8ac4a73f2a05551b614909a1e1a01,27ed858125e29687a9f57722f3d6f5b9a1b8ac4a73f2a05551b614909a1e1a01,runs/l_mid224_lr005/best_val.pt,checkpoints/l_mid224_lr005/best_val.pt
l_mid224_lr005,Mid224,lr005,last.pt,13425771,10d05e70bb37d9b1dc0f02dec0a73ba7bef4d0ab9bda191b84c8fbe367a94cbc,10d05e70bb37d9b1dc0f02dec0a73ba7bef4d0ab9bda191b84c8fbe367a94cbc,runs/l_mid224_lr005/last.pt,checkpoints/l_mid224_lr005/last.pt
l_mid224_lr005,Mid224,lr005,config.json,3487,cf83723d95c0786e9604288c80c5825ae6408be586d2463f8320f500ec5795f8,cf83723d95c0786e9604288c80c5825ae6408be586d2463f8320f500ec5795f8,runs/l_mid224_lr005/config.json,checkpoints/l_mid224_lr005/config.json
l_mid224_lr005,Mid224,lr005,epochs.csv,19740,7a867ac7dbb822c1899a8f06ba4f1ff084d6c3e8eeb6f5309a546b0597924f98,7a867ac7dbb822c1899a8f06ba4f1ff084d6c3e8eeb6f5309a546b0597924f98,runs/l_mid224_lr005/epochs.csv,checkpoints/l_mid224_lr005/epochs.csv
l_mid224_lr005,Mid224,lr005,validation_split.json,1050130,ad4c7bb304c4377d4d8a19bfb05031373c873eb26c34c1b4eff571f092c590c9,ad4c7bb304c4377d4d8a19bfb05031373c873eb26c34c1b4eff571f092c590c9,runs/l_mid224_lr005/validation_split.json,checkpoints/l_mid224_lr005/validation_split.json
l_mid224_lr015,Mid224,lr015,best_val.pt,4477425,efaec5e93b1fc49e79b16eb7e439bc6cc543106b98e92f7dc217c9809cbe4cc0,efaec5e93b1fc49e79b16eb7e439bc6cc543106b98e92f7dc217c9809cbe4cc0,runs/l_mid224_lr015/best_val.pt,checkpoints/l_mid224_lr015/best_val.pt
l_mid224_lr015,Mid224,lr015,last.pt,13425771,a3a202658cc52a50409ff39dda3d70faf825a58f1d34879822cdefc6bc288200,a3a202658cc52a50409ff39dda3d70faf825a58f1d34879822cdefc6bc288200,runs/l_mid224_lr015/last.pt,checkpoints/l_mid224_lr015/last.pt
l_mid224_lr015,Mid224,lr015,config.json,3487,237b8c3745bedb680604981bf4e67e3f2c29ca44c3cbe0908002ae4c18c036ee,237b8c3745bedb680604981bf4e67e3f2c29ca44c3cbe0908002ae4c18c036ee,runs/l_mid224_lr015/config.json,checkpoints/l_mid224_lr015/config.json
l_mid224_lr015,Mid224,lr015,epochs.csv,19737,d57bbb76691ec60e200604235cc17a62aa06cfad9d37f62fc7b1771e290b7157,d57bbb76691ec60e200604235cc17a62aa06cfad9d37f62fc7b1771e290b7157,runs/l_mid224_lr015/epochs.csv,checkpoints/l_mid224_lr015/epochs.csv
l_mid224_lr015,Mid224,lr015,validation_split.json,1050130,ad4c7bb304c4377d4d8a19bfb05031373c873eb26c34c1b4eff571f092c590c9,ad4c7bb304c4377d4d8a19bfb05031373c873eb26c34c1b4eff571f092c590c9,runs/l_mid224_lr015/validation_split.json,checkpoints/l_mid224_lr015/validation_split.json
