run_name,variant,recipe,delta_validation_top1_vs_baseline,delta_validation_loss_vs_baseline,delta_best_epoch_vs_baseline
l_mid32_baseline,Mid32,baseline,0.0,0.0,0
l_mid32_smoothing005,Mid32,smoothing005,0.23999999999999488,-0.16508054332733157,-6
l_mid32_smoothing010,Mid32,smoothing010,0.3199999999999932,-0.14159736847877502,18
l_mid32_lr005,Mid32,lr005,0.1599999999999966,-0.00881558935642246,24
l_mid32_lr015,Mid32,lr015,0.6400000000000006,-0.05864085653424267,13
l_mid224_baseline,Mid224,baseline,0.0,0.0,0
l_mid224_smoothing005,Mid224,smoothing005,-0.4399999999999977,-0.03955762794017792,-17
l_mid224_smoothing010,Mid224,smoothing010,-0.23999999999999488,-0.01301605000495909,-1
l_mid224_lr005,Mid224,lr005,-0.5600000000000023,0.020203995013236997,11
l_mid224_lr015,Mid224,lr015,-0.03999999999999204,-0.021425028276443492,21
