run,file,role,epoch,bytes,sha256
mid32_baseline_seed42,best_val.pt,best_val,173,4477553,a5408274298d1933623bec107bce04ecdfa177a9c13079dc78c4ef20c488e556
mid32_baseline_seed42,last.pt,last,200,13432937,00a31ec4f5caf8c21551f3cd537fc7026afd840eb2a25bbd8f7ef976b146c3be
mid32_baseline_seed42,config.json,training_metadata,,3602,c4375121ea75af366abdedfe97c2156632d6f8f264a6db49289005b40661865d
mid32_baseline_seed42,epochs.csv,training_metadata,,19581,5c5fdb2fa0ba1bcb54f7461940c1e942d0c4305c23b9772d90e94f434f2b4c44
mid32_baseline_seed42,validation_split.json,training_metadata,,1050128,c45bb214c4d9cc0ace675b00647f17a82f6f62326263f7b1d05dc462d01cfa71
mid32_experiment_seed42,best_val.pt,best_val,200,5046229,2d3856acc223329522617e747e45e1eb2f169ed57c8a2bbb491b4ca214896e8a
mid32_experiment_seed42,last.pt,last,200,15130249,12ac65bf602845a9567f89cef89e12197043b59a0d4ea386ed92f10df89e4e46
mid32_experiment_seed42,config.json,training_metadata,,3625,81748af006122c02fe8757adb965b7afbcf5a66259752df250e0cfb67192b749
mid32_experiment_seed42,epochs.csv,training_metadata,,19610,6874a11fad31a9a948705cb35efdca1540ddee431b38bc1f9a5349a52f4a0e88
mid32_experiment_seed42,validation_split.json,training_metadata,,1050128,c45bb214c4d9cc0ace675b00647f17a82f6f62326263f7b1d05dc462d01cfa71
mid224_baseline_seed42,best_val.pt,best_val,177,4477553,94da1ac986143a3a1b47979d32d05550be38e5ffc4b77a495e076cbd4aef618c
mid224_baseline_seed42,last.pt,last,200,13429097,83a0f8028e82994c535d11cf24d0c17b539287c484d1aab13ba6b6542b49379b
mid224_baseline_seed42,config.json,training_metadata,,3601,77d30c2d80ff3800aabc10ce4bd3a55a3e7921e591eb630b485e020bf0441adb
mid224_baseline_seed42,epochs.csv,training_metadata,,19721,3a70e1664df98b4029e947f5a9f35f71c2d403d6af7cedf335a43a0257493598
mid224_baseline_seed42,validation_split.json,training_metadata,,1050130,ad4c7bb304c4377d4d8a19bfb05031373c873eb26c34c1b4eff571f092c590c9
mid224_experiment_seed42,best_val.pt,best_val,154,5046229,a892ea40fdf947a0a74ae12e3e4f76bc03a3492ba364e8a74ebd687cfe3d1bee
mid224_experiment_seed42,last.pt,last,200,15134089,43fd1205eb7e55697e76eeeb19b8dfd9e1d0e893a51edec2264868d596a03a53
mid224_experiment_seed42,config.json,training_metadata,,3626,a9705d1e9d4504473a7f7c120988c1b15c22f7f91b3ae435c005d1913b726b3c
mid224_experiment_seed42,epochs.csv,training_metadata,,19692,7f87ffb064de7b19a78ba3c671fed53e16b2d7217bb7d7b0b70988702b7630df
mid224_experiment_seed42,validation_split.json,training_metadata,,1050130,ad4c7bb304c4377d4d8a19bfb05031373c873eb26c34c1b4eff571f092c590c9
