run,variant,kind,label,precision,recall,f1_score,support
mid32_baseline_seed42,Mid32,Baseline,bird,0.9230769230769231,0.96,0.9411764705882353,50
mid32_baseline_seed42,Mid32,Baseline,cat,0.8235294117647058,0.84,0.8316831683168315,50
mid32_baseline_seed42,Mid32,Baseline,dog,0.8333333333333334,0.8,0.816326530612245,50
mid32_baseline_seed42,Mid32,Baseline,frog,0.94,0.94,0.94,50
mid32_baseline_seed42,Mid32,Baseline,horse,1.0,0.98,0.98989898989899,50
mid32_experiment_seed42,Mid32,Stage4-depth3,bird,0.9038461538461539,0.94,0.9215686274509804,50
mid32_experiment_seed42,Mid32,Stage4-depth3,cat,0.8275862068965517,0.96,0.888888888888889,50
mid32_experiment_seed42,Mid32,Stage4-depth3,dog,0.9512195121951219,0.78,0.8571428571428571,50
mid32_experiment_seed42,Mid32,Stage4-depth3,frog,0.9375,0.9,0.9183673469387755,50
mid32_experiment_seed42,Mid32,Stage4-depth3,horse,0.9607843137254902,0.98,0.9702970297029702,50
mid224_baseline_seed42,Mid224,Baseline,bird,0.9591836734693877,0.94,0.9494949494949495,50
mid224_baseline_seed42,Mid224,Baseline,cat,0.9215686274509803,0.94,0.9306930693069307,50
mid224_baseline_seed42,Mid224,Baseline,dog,0.9387755102040817,0.92,0.9292929292929293,50
mid224_baseline_seed42,Mid224,Baseline,frog,0.9607843137254902,0.98,0.9702970297029702,50
mid224_baseline_seed42,Mid224,Baseline,horse,0.98,0.98,0.98,50
mid224_experiment_seed42,Mid224,Stage4-depth3,bird,0.9591836734693877,0.94,0.9494949494949495,50
mid224_experiment_seed42,Mid224,Stage4-depth3,cat,0.8846153846153846,0.92,0.9019607843137256,50
mid224_experiment_seed42,Mid224,Stage4-depth3,dog,0.9166666666666666,0.88,0.8979591836734694,50
mid224_experiment_seed42,Mid224,Stage4-depth3,frog,0.96,0.96,0.96,50
mid224_experiment_seed42,Mid224,Stage4-depth3,horse,0.9803921568627451,1.0,0.99009900990099,50
